ID,Country,Latitude,Longitude,geometry,Koppen
ADHI_1,Cameroon,7.55,13.95,POINT (13.95 7.55),3.0
ADHI_2,Cameroon,4.2,14.6833,POINT (14.6833 4.2),3.0
ADHI_3,Cameroon,2.8,13.35,POINT (13.35 2.8),2.0
ADHI_4,Cameroon,4.2333,13.45,POINT (13.45 4.2333),3.0
ADHI_5,Cameroon,8.65,12.8167,POINT (12.8167 8.65),3.0
ADHI_6,Cameroon,3.7667,10.0667,POINT (10.0667 3.7667),2.0
ADHI_7,Cameroon,5.227083333,13.36458333,POINT (13.36458333 5.227083333),3.0
ADHI_8,Cameroon,4.35,11.6333,POINT (11.6333 4.35),3.0
ADHI_9,Cameroon,4.7,12.3833,POINT (12.3833 4.7),3.0
ADHI_10,Cameroon,4.0333,10.55,POINT (10.55 4.0333),2.0
ADHI_11,Cameroon,6.5833,13.2,POINT (13.2 6.5833),3.0
ADHI_12,Cameroon,6.3333,12.8168,POINT (12.8168 6.3333),3.0
ADHI_13,Cameroon,4.5667,11.3667,POINT (11.3667 4.5667),3.0
ADHI_14,Cameroon,5.6167,11.1833,POINT (11.1833 5.6167),3.0
ADHI_15,Cameroon,4.5833,12.2333,POINT (12.2333 4.5833),3.0
ADHI_16,Cameroon,4.8,12.0,POINT (12 4.8),3.0
ADHI_17,Cameroon,4.6333,12.2833,POINT (12.2833 4.6333),3.0
ADHI_18,Cameroon,6.509158,12.601583,POINT (12.601583 6.509158),3.0
ADHI_19,Cameroon,5.4667,10.55,POINT (10.55 5.4667),3.0
ADHI_20,Cameroon,5.4833,10.2833,POINT (10.2833 5.4833),3.0
ADHI_21,Cameroon,5.3667,10.3333,POINT (10.3333 5.3667),3.0
ADHI_22,Cameroon,5.7167,9.5,POINT (9.5 5.7167),2.0
ADHI_23,Cameroon,5.75,9.3167,POINT (9.3167 5.75),2.0
ADHI_24,Cameroon,5.7667,9.0667,POINT (9.0667 5.7667),2.0
ADHI_25,Cameroon,2.8333,11.15,POINT (11.15 2.8333),2.0
ADHI_26,Cameroon,3.7833,12.25,POINT (12.25 3.7833),3.0
ADHI_27,Cameroon,3.5667,10.1167,POINT (10.1167 3.5667),2.0
ADHI_28,Cameroon,3.564583333,10.70625,POINT (10.70625 3.564583333),2.0
ADHI_29,Cameroon,3.485641869,10.98541667,POINT (10.98541667 3.485641869),2.0
ADHI_30,Nigeria,12.39874065,14.19292602,POINT (14.19292602 12.39874065),6.0
ADHI_31,Nigeria,12.46332033,14.18125,POINT (14.18125 12.46332033),6.0
ADHI_32,Cameroon,12.15138635,14.70694698,POINT (14.70694698 12.15138635),6.0
ADHI_33,Cameroon,4.4667,9.9667,POINT (9.9667 4.4667),2.0
ADHI_34,Cameroon,5.148400766,10.00256743,POINT (10.00256743 5.148400766),3.0
ADHI_35,Central African Republic,9.0167,19.15,POINT (19.15 9.0167),3.0
ADHI_36,Central African Republic,7.0,19.1833,POINT (19.1833 7),3.0
ADHI_37,Central African Republic,7.314490932,18.28532427,POINT (18.28532427 7.314490932),3.0
ADHI_38,Central African Republic,6.481001,17.074363,POINT (17.074363 6.481001),3.0
ADHI_39,Central African Republic,6.4667,17.45,POINT (17.45 6.4667),3.0
ADHI_40,Central African Republic,6.3333,16.35,POINT (16.35 6.3333),3.0
ADHI_41,Central African Republic,7.5667,20.1833,POINT (20.1833 7.5667),3.0
ADHI_42,Central African Republic,6.5,18.2667,POINT (18.2667 6.5),3.0
ADHI_43,Central African Republic,7.6333,16.9667,POINT (16.9667 7.6333),3.0
ADHI_44,Central African Republic,8.095710357,20.34178964,POINT (20.34178964 8.095710357),3.0
ADHI_45,Central African Republic,7.2,20.0167,POINT (20.0167 7.2),3.0
ADHI_46,Central African Republic,4.3,21.183,POINT (21.183 4.3),3.0
ADHI_47,Central African Republic,4.314766,21.178162,POINT (21.178162 4.314766),3.0
ADHI_48,Central African Republic,4.312997,21.186637,POINT (21.186637 4.312997),3.0
ADHI_49,Central African Republic,3.713833,18.587158,POINT (18.587158 3.713833),3.0
ADHI_50,Democratic Republic of the Congo,4.727745,22.818043,POINT (22.818043 4.727745),3.0
ADHI_51,Central African Republic,5.028726,25.147102,POINT (25.147102 5.028726),3.0
ADHI_52,Central African Republic,5.04457,21.201716,POINT (21.201716 5.04457),3.0
ADHI_53,Central African Republic,4.976987,23.931507,POINT (23.931507 4.976987),3.0
ADHI_54,Central African Republic,5.347216,25.752023,POINT (25.752023 5.347216),3.0
ADHI_55,Central African Republic,6.53671,21.998832,POINT (21.998832 6.53671),3.0
ADHI_56,Central African Republic,4.598378,21.915678,POINT (21.915678 4.598378),3.0
ADHI_57,Central African Republic,4.350388,17.074718,POINT (17.074718 4.350388),3.0
ADHI_58,Central African Republic,3.668567,18.298556,POINT (18.298556 3.668567),3.0
ADHI_59,Central African Republic,3.649188,18.094021,POINT (18.094021 3.649188),3.0
ADHI_60,Central African Republic,5.162803,16.620172,POINT (16.620172 5.162803),3.0
ADHI_61,Central African Republic,4.729364,22.677515,POINT (22.677515 4.729364),3.0
ADHI_62,Central African Republic,5.414017,26.487358,POINT (26.487358 5.414017),3.0
ADHI_63,Central African Republic,4.323721,18.511935,POINT (18.511935 4.323721),3.0
ADHI_64,Central African Republic,4.530737,18.468779,POINT (18.468779 4.530737),3.0
ADHI_65,Central African Republic,5.763147,20.661704,POINT (20.661704 5.763147),3.0
ADHI_66,Central African Republic,5.101047,24.488549,POINT (24.488549 5.101047),3.0
ADHI_67,Central African Republic,4.09596372,18.24986961,POINT (18.24986961 4.09596372),3.0
ADHI_68,Central African Republic,4.814583333,18.10386263,POINT (18.10386263 4.814583333),3.0
ADHI_69,Central African Republic,4.895465,18.022531,POINT (18.022531 4.895465),3.0
ADHI_70,Central African Republic,5.1533,18.865404,POINT (18.865404 5.1533),3.0
ADHI_71,Central African Republic,8.072588,22.400631,POINT (22.400631 8.072588),3.0
ADHI_72,Central African Republic,5.726495,19.081594,POINT (19.081594 5.726495),3.0
ADHI_73,Central African Republic,3.181621,16.113619,POINT (16.113619 3.181621),3.0
ADHI_74,Central African Republic,4.940269,15.859449,POINT (15.859449 4.940269),3.0
ADHI_75,Central African Republic,5.816167,15.188553,POINT (15.188553 5.816167),3.0
ADHI_76,Congo,-1.4833,15.0667,POINT (15.0667 -1.4833),2.0
ADHI_77,Congo,-1.264583333,16.14950645,POINT (16.14950645 -1.264583333),3.0
ADHI_78,Congo,-4.305,15.2297,POINT (15.2297 -4.305),3.0
ADHI_79,Congo,-4.283027996,15.21041667,POINT (15.21041667 -4.283027996),3.0
ADHI_80,Congo,-4.228425,15.125888,POINT (15.125888 -4.228425),3.0
ADHI_81,Congo,-4.20625,15.01287473,POINT (15.01287473 -4.20625),3.0
ADHI_82,Congo,-4.6,14.9333,POINT (14.9333 -4.6),3.0
ADHI_83,Congo,-4.5837,14.985,POINT (14.985 -4.5837),3.0
ADHI_84,Congo,-2.9167,15.6308,POINT (15.6308 -2.9167),3.0
ADHI_85,Congo,0.033500141,14.92933347,POINT (14.92933347 0.033500141),3.0
ADHI_86,Congo,0.00167,15.633,POINT (15.633 0.00167),3.0
ADHI_87,Congo,-0.0167,16.3667,POINT (16.3667 -0.0167),2.0
ADHI_88,Congo,-1.9,15.85,POINT (15.85 -1.9),2.0
ADHI_89,Congo,-1.2667,15.8667,POINT (15.8667 -1.2667),3.0
ADHI_90,Congo,-1.4,15.0667,POINT (15.0667 -1.4),2.0
ADHI_91,Congo,-0.5,15.9333,POINT (15.9333 -0.5),3.0
ADHI_92,Congo,0.360416667,15.41415286,POINT (15.41415286 0.360416667),2.0
ADHI_93,Congo,-0.7167,14.8667,POINT (14.8667 -0.7167),3.0
ADHI_94,Congo,-0.8908,15.1541,POINT (15.1541 -0.8908),3.0
ADHI_95,Congo,-0.6167,15.9,POINT (15.9 -0.6167),3.0
ADHI_96,Congo,1.6167,16.05,POINT (16.05 1.6167),2.0
ADHI_97,Cameroon,2.05,14.9167,POINT (14.9167 2.05),2.0
ADHI_98,Congo,-0.482793938,17.42291667,POINT (17.42291667 -0.482793938),2.0
ADHI_99,Congo,1.35,17.4833,POINT (17.4833 1.35),1.0
ADHI_100,Congo,-4.135586,12.065629,POINT (12.065629 -4.135586),3.0
ADHI_101,Congo,-3.561419,12.339764,POINT (12.339764 -3.561419),3.0
ADHI_102,Congo,-4.084453,12.13323,POINT (12.13323 -4.084453),3.0
ADHI_103,Congo,-4.164553,13.295696,POINT (13.295696 -4.164553),3.0
ADHI_104,Congo,-4.25,14.05,POINT (14.05 -4.25),3.0
ADHI_105,Congo,-3.660954,14.263684,POINT (14.263684 -3.660954),3.0
ADHI_106,Congo,-3.756063,13.645615,POINT (13.645615 -3.756063),3.0
ADHI_107,Congo,-3.881674,13.758144,POINT (13.758144 -3.881674),3.0
ADHI_108,Congo,-4.1333,13.071021,POINT (13.071021 -4.1333),3.0
ADHI_109,Congo,-2.619187588,12.76085425,POINT (12.76085425 -2.619187588),3.0
ADHI_110,Congo,-3.425711,12.657829,POINT (12.657829 -3.425711),3.0
ADHI_111,Congo,-3.1667,13.0833,POINT (13.0833 -3.1667),3.0
ADHI_112,Congo,-2.866667,11.966667,POINT (11.966667 -2.866667),3.0
ADHI_113,Democratic Republic of the Congo,-4.2958,15.3083,POINT (15.3083 -4.2958),3.0
ADHI_114,Cote d'Ivoire,9.312553,-5.363917,POINT (-5.363917 9.312553),3.0
ADHI_115,Cote d'Ivoire,6.02063361,-4.914583333,POINT (-4.914583333 6.02063361),3.0
ADHI_116,Cote d'Ivoire,6.9119,-5.5272,POINT (-5.5272 6.9119),3.0
ADHI_117,Cote d'Ivoire,5.931167078,-4.810416667,POINT (-4.810416667 5.931167078),3.0
ADHI_118,Cote d'Ivoire,9.6031,-5.3264,POINT (-5.3264 9.6031),3.0
ADHI_119,Cote d'Ivoire,6.5056,-5.3053,POINT (-5.3053 6.5056),3.0
ADHI_120,Cote d'Ivoire,8.1056,-5.425,POINT (-5.425 8.1056),3.0
ADHI_121,Cote d'Ivoire,8.7639,-5.5278,POINT (-5.5278 8.7639),3.0
ADHI_122,Cote d'Ivoire,9.694,-5.815,POINT (-5.815 9.694),3.0
ADHI_123,Cote d'Ivoire,7.8319,-6.2542,POINT (-6.2542 7.8319),3.0
ADHI_124,Cote d'Ivoire,9.203,-6.683,POINT (-6.683 9.203),3.0
ADHI_125,Cote d'Ivoire,8.125,-6.306,POINT (-6.306 8.125),3.0
ADHI_126,Cote d'Ivoire,9.9097,-5.8542,POINT (-5.8542 9.9097),3.0
ADHI_127,Cote d'Ivoire,9.2639,-6.1042,POINT (-6.1042 9.2639),3.0
ADHI_128,Cote d'Ivoire,7.852,-5.522,POINT (-5.522 7.852),3.0
ADHI_129,Cote d'Ivoire,9.3514,-5.4431,POINT (-5.4431 9.3514),3.0
ADHI_130,Cote d'Ivoire,9.7444,-5.167,POINT (-5.167 9.7444),3.0
ADHI_131,Cote d'Ivoire,7.0442,-4.52,POINT (-4.52 7.0442),3.0
ADHI_132,Cote d'Ivoire,9.1556,-5.5597,POINT (-5.5597 9.1556),3.0
ADHI_133,Cote d'Ivoire,9.5569,-5.8778,POINT (-5.8778 9.5569),3.0
ADHI_134,Cote d'Ivoire,9.557,-5.878,POINT (-5.878 9.557),3.0
ADHI_135,Cote d'Ivoire,8.1264,-6.0,POINT (-6 8.1264),3.0
ADHI_136,Cote d'Ivoire,8.0819,-6.2222,POINT (-6.2222 8.0819),3.0
ADHI_137,Cote d'Ivoire,6.64,-4.79,POINT (-4.79 6.64),3.0
ADHI_138,Cote d'Ivoire,7.1947,-5.2167,POINT (-5.2167 7.1947),3.0
ADHI_139,Cote d'Ivoire,7.09,-4.35,POINT (-4.35 7.09),3.0
ADHI_140,Cote d'Ivoire,7.54,-4.67,POINT (-4.67 7.54),3.0
ADHI_141,Cote d'Ivoire,8.7431,-6.8556,POINT (-6.8556 8.7431),3.0
ADHI_142,Cote d'Ivoire,8.0222,-6.6542,POINT (-6.6542 8.0222),3.0
ADHI_143,Cote d'Ivoire,8.976,-6.778,POINT (-6.778 8.976),3.0
ADHI_144,Cote d'Ivoire,7.57,-3.52,POINT (-3.52 7.57),3.0
ADHI_145,Cote d'Ivoire,9.6,-3.7,POINT (-3.7 9.6),3.0
ADHI_146,Cote d'Ivoire,9.37,-4.49,POINT (-4.49 9.37),3.0
ADHI_147,Cote d'Ivoire,9.37,-4.49,POINT (-4.49 9.37),3.0
ADHI_148,Cote d'Ivoire,9.4236,-7.8458,POINT (-7.8458 9.4236),3.0
ADHI_149,Cote d'Ivoire,9.5333,-6.6,POINT (-6.6 9.5333),3.0
ADHI_150,Cote d'Ivoire,9.5833,-6.5139,POINT (-6.5139 9.5833),3.0
ADHI_151,Cote d'Ivoire,10.2042,-7.3347,POINT (-7.3347 10.2042),3.0
ADHI_152,Cote d'Ivoire,9.5042,-7.5972,POINT (-7.5972 9.5042),3.0
ADHI_153,Cote d'Ivoire,9.6889,-6.3875,POINT (-6.3875 9.6889),3.0
ADHI_154,Cote d'Ivoire,10.0917,-6.8986,POINT (-6.8986 10.0917),3.0
ADHI_155,Cote d'Ivoire,9.9444,-6.5833,POINT (-6.5833 9.9444),3.0
ADHI_156,Cote d'Ivoire,10.1139,-6.8986,POINT (-6.8986 10.1139),3.0
ADHI_157,Cote d'Ivoire,8.42,-7.16,POINT (-7.16 8.42),3.0
ADHI_158,Cote d'Ivoire,6.7336,-6.9833,POINT (-6.9833 6.7336),3.0
ADHI_159,Cote d'Ivoire,8.0797,-7.1075,POINT (-7.1075 8.0797),3.0
ADHI_160,Cote d'Ivoire,8.363366379,-7.571699713,POINT (-7.571699713 8.363366379),3.0
ADHI_161,Cote d'Ivoire,6.1747,-6.1,POINT (-6.1 6.1747),3.0
ADHI_162,Cote d'Ivoire,8.84,-7.54,POINT (-7.54 8.84),3.0
ADHI_163,Cote d'Ivoire,8.5433,-7.2222,POINT (-7.2222 8.5433),3.0
ADHI_164,Cote d'Ivoire,8.842506,-7.530396,POINT (-7.530396 8.842506),3.0
ADHI_165,Cote d'Ivoire,6.5356,-7.4689,POINT (-7.4689 6.5356),3.0
ADHI_166,Cote d'Ivoire,7.3975,-7.5561,POINT (-7.5561 7.3975),3.0
ADHI_167,Cote d'Ivoire,9.3917,-7.2167,POINT (-7.2167 9.3917),3.0
ADHI_168,Cote d'Ivoire,9.3,-7.5917,POINT (-7.5917 9.3),3.0
ADHI_169,Cote d'Ivoire,9.3917,-7.5917,POINT (-7.5917 9.3917),3.0
ADHI_170,Cote d'Ivoire,7.424,-7.549,POINT (-7.549 7.424),3.0
ADHI_171,Cote d'Ivoire,7.424,-7.549,POINT (-7.549 7.424),3.0
ADHI_172,Cote d'Ivoire,9.1667,-2.75,POINT (-2.75 9.1667),3.0
ADHI_173,Cote d'Ivoire,8.95,-3.1803,POINT (-3.1803 8.95),3.0
ADHI_174,Cote d'Ivoire,5.9364,-4.2264,POINT (-4.2264 5.9364),3.0
ADHI_175,Cote d'Ivoire,5.4331,-4.2672,POINT (-4.2672 5.4331),3.0
ADHI_176,Cote d'Ivoire,5.5622,-4.2514,POINT (-4.2514 5.5622),3.0
ADHI_177,Cote d'Ivoire,5.8386,-4.2961,POINT (-4.2961 5.8386),3.0
ADHI_178,Cote d'Ivoire,5.4667,-3.1989,POINT (-3.1989 5.4667),2.0
ADHI_179,Cote d'Ivoire,6.02,-3.1936,POINT (-3.1936 6.02),3.0
ADHI_180,Cote d'Ivoire,4.91,-7.56,POINT (-7.56 4.91),1.0
ADHI_181,Cote d'Ivoire,7.2833,-8.0583,POINT (-8.0583 7.2833),3.0
ADHI_182,Liberia,5.86,-7.45,POINT (-7.45 5.86),2.0
ADHI_183,Cote d'Ivoire,5.875,-7.4583,POINT (-7.4583 5.875),2.0
ADHI_184,Cote d'Ivoire,5.473,-3.833,POINT (-3.833 5.473),3.0
ADHI_185,Benin,11.040412,2.1636,POINT (2.1636 11.040412),3.0
ADHI_186,Benin,10.7017,2.0181,POINT (2.0181 10.7017),3.0
ADHI_187,Benin,10.9833,3.25,POINT (3.25 10.9833),3.0
ADHI_188,Benin,9.709,1.461,POINT (1.461 9.709),3.0
ADHI_189,Benin,9.85,1.45,POINT (1.45 9.85),3.0
ADHI_190,Benin,7.1,1.8833,POINT (1.8833 7.1),3.0
ADHI_191,Benin,6.7167,2.4667,POINT (2.4667 6.7167),3.0
ADHI_192,Benin,6.8167,2.45,POINT (2.45 6.8167),3.0
ADHI_193,Benin,9.751153,2.095141,POINT (2.095141 9.751153),3.0
ADHI_194,Benin,6.9,2.45,POINT (2.45 6.9),3.0
ADHI_195,Benin,6.7667,2.45,POINT (2.45 6.7667),3.0
ADHI_196,Benin,6.590850212,2.496649788,POINT (2.496649788 6.590850212),3.0
ADHI_197,Benin,7.1833,2.4333,POINT (2.4333 7.1833),3.0
ADHI_198,Benin,8.25,2.7167,POINT (2.7167 8.25),3.0
ADHI_199,Benin,6.6,2.4,POINT (2.4 6.6),3.0
ADHI_200,Benin,6.9,2.3667,POINT (2.3667 6.9),3.0
ADHI_201,Benin,6.7667,2.4333,POINT (2.4333 6.7667),3.0
ADHI_202,Benin,6.7,2.4333,POINT (2.4333 6.7),3.0
ADHI_203,Benin,8.5,2.35,POINT (2.35 8.5),3.0
ADHI_204,Benin,9.0833,2.093055,POINT (2.093055 9.0833),3.0
ADHI_205,Benin,9.35,2.3667,POINT (2.3667 9.35),3.0
ADHI_206,Benin,7.9167,2.0,POINT (2 7.9167),3.0
ADHI_207,Benin,8.4667,1.783333,POINT (1.783333 8.4667),3.0
ADHI_208,Benin,7.8833,2.1167,POINT (2.1167 7.8833),3.0
ADHI_209,Gabon,-1.6367,13.5333,POINT (13.5333 -1.6367),3.0
ADHI_210,Gabon,-0.7167,10.2333,POINT (10.2333 -0.7167),3.0
ADHI_211,Gabon,-0.8094,12.7286,POINT (12.7286 -0.8094),3.0
ADHI_212,Gabon,-2.1972,13.6358,POINT (13.6358 -2.1972),3.0
ADHI_213,Gabon,-1.4808,13.3344,POINT (13.3344 -1.4808),3.0
ADHI_214,Gabon,-0.180412,10.77089,POINT (10.77089 -0.180412),3.0
ADHI_215,Gabon,-0.0986,11.5942,POINT (11.5942 -0.0986),3.0
ADHI_216,Gabon,1.1139,13.1,POINT (13.1 1.1139),3.0
ADHI_217,Gabon,0.5125,12.8306,POINT (12.8306 0.5125),3.0
ADHI_218,Gabon,0.5689,12.8611,POINT (12.8611 0.5689),3.0
ADHI_219,Gabon,-1.3194,13.1042,POINT (13.1042 -1.3194),3.0
ADHI_220,Gabon,-1.6189,13.6111,POINT (13.6111 -1.6189),3.0
ADHI_221,Gabon,-1.2156,10.5908,POINT (10.5908 -1.2156),3.0
ADHI_222,Gabon,-2.225,11.4739,POINT (11.4739 -2.225),3.0
ADHI_223,Gabon,-1.8869,11.0558,POINT (11.0558 -1.8869),3.0
ADHI_224,Gabon,-0.7658,10.2647,POINT (10.2647 -0.7658),3.0
ADHI_225,Gabon,-1.0422,10.6703,POINT (10.6703 -1.0422),3.0
ADHI_226,Gabon,-0.3578,11.7556,POINT (11.7556 -0.3578),3.0
ADHI_227,Gabon,0.3267,11.4558,POINT (11.4558 0.3267),3.0
ADHI_228,Gabon,-1.1328,12.4661,POINT (12.4661 -1.1328),3.0
ADHI_229,Gabon,-1.6881,13.6619,POINT (13.6619 -1.6881),3.0
ADHI_230,Gabon,-1.0144,12.5278,POINT (12.5278 -1.0144),3.0
ADHI_231,Gabon,-2.2264,11.5039,POINT (11.5039 -2.2264),3.0
ADHI_232,Gabon,-1.9028,11.9053,POINT (11.9053 -1.9028),3.0
ADHI_233,Gabon,0.3058,12.1906,POINT (12.1906 0.3058),3.0
ADHI_234,Gabon,1.8042,11.6139,POINT (11.6139 1.8042),2.0
ADHI_235,Gabon,-2.792888,10.706094,POINT (10.706094 -2.792888),3.0
ADHI_236,Gabon,-2.932347,10.986621,POINT (10.986621 -2.932347),3.0
ADHI_237,Ghana,9.14,-1.167,POINT (-1.167 9.14),3.0
ADHI_238,Ghana,8.6667,-1.5167,POINT (-1.5167 8.6667),3.0
ADHI_239,Ghana,6.3333,0.1,POINT (0.1 6.3333),3.0
ADHI_240,Ghana,6.2,0.0933,POINT (0.0933 6.2),3.0
ADHI_241,Ghana,8.2333,-0.65,POINT (-0.65 8.2333),3.0
ADHI_242,Ghana,7.9333,0.0667,POINT (0.0667 7.9333),3.0
ADHI_243,Ghana,9.4333,0.0667,POINT (0.0667 9.4333),3.0
ADHI_244,Ghana,10.65,-0.24,POINT (-0.24 10.65),3.0
ADHI_245,Ghana,9.7333,-0.8167,POINT (-0.8167 9.7333),3.0
ADHI_246,Ghana,10.8,-1.5,POINT (-1.5 10.8),3.0
ADHI_247,Ghana,7.7833,-2.2,POINT (-2.2 7.7833),3.0
ADHI_248,Guinea,12.0944,-12.0,POINT (-12 12.0944),3.0
ADHI_249,Guinea,11.7708,-11.5708,POINT (-11.5708 11.7708),3.0
ADHI_250,Guinea,11.7056,-11.9556,POINT (-11.9556 11.7056),3.0
ADHI_251,Guinea,9.0,-9.0,POINT (-9 9),3.0
ADHI_252,Guinea-Bissau,12.425,-14.5028,POINT (-14.5028 12.425),3.0
ADHI_253,Guinea,11.3667,-9.4,POINT (-9.4 11.3667),3.0
ADHI_254,Guinea,9.0833,-8.7333,POINT (-8.7333 9.0833),3.0
ADHI_255,Guinea,10.65,-11.75,POINT (-11.75 10.65),3.0
ADHI_256,Guinea,11.25,-11.6833,POINT (-11.6833 11.25),3.0
ADHI_257,Guinea,11.0167,-11.8167,POINT (-11.8167 11.0167),3.0
ADHI_258,Guinea,11.3667,-13.9,POINT (-13.9 11.3667),3.0
ADHI_259,Guinea,8.0556,-9.0667,POINT (-9.0667 8.0556),2.0
ADHI_260,Guinea,7.9314,-8.9472,POINT (-8.9472 7.9314),3.0
ADHI_261,Guinea,10.3667,-13.85,POINT (-13.85 10.3667),2.0
ADHI_262,Guinea,10.1833,-11.8167,POINT (-11.8167 10.1833),3.0
ADHI_263,Guinea,10.1167,-11.4167,POINT (-11.4167 10.1167),3.0
ADHI_264,Guinea,9.876236179,-12.53040285,POINT (-12.53040285 9.876236179),3.0
ADHI_265,Guinea,10.3901,-13.5061,POINT (-13.5061 10.3901),2.0
ADHI_266,Guinea,10.6333,-12.9333,POINT (-12.9333 10.6333),3.0
ADHI_267,Guinea,11.361791,-9.27,POINT (-9.27 11.361791),3.0
ADHI_268,Guinea,11.0903,-12.4167,POINT (-12.4167 11.0903),3.0
ADHI_269,Guinea,11.2553,-12.3607,POINT (-12.3607 11.2553),3.0
ADHI_270,Guinea,11.79791667,-13.19484482,POINT (-13.19484482 11.79791667),3.0
ADHI_271,Guinea,11.65,-12.75,POINT (-12.75 11.65),3.0
ADHI_272,Guinea,11.75,-12.9167,POINT (-12.9167 11.75),3.0
ADHI_273,Guinea,11.0167,-14.2167,POINT (-14.2167 11.0167),3.0
ADHI_274,Guinea,10.5528,-12.6444,POINT (-12.6444 10.5528),3.0
ADHI_275,Guinea-Bissau,11.5611,-14.6694,POINT (-14.6694 11.5611),3.0
ADHI_276,Guinea-Bissau,11.925,-14.2142,POINT (-14.2142 11.925),3.0
ADHI_277,Guinea-Bissau,11.8667,-13.8611,POINT (-13.8611 11.8667),3.0
ADHI_278,Mali,15.396515,-3.78918,POINT (-3.78918 15.396515),4.0
ADHI_279,Burkina Faso,10.73,-4.813,POINT (-4.813 10.73),3.0
ADHI_280,Burkina Faso,12.948055,-0.5406,POINT (-0.5406 12.948055),6.0
ADHI_281,Burkina Faso,11.45,-0.53,POINT (-0.53 11.45),3.0
ADHI_282,Burkina Faso,12.7583,-1.15,POINT (-1.15 12.7583),6.0
ADHI_283,Burkina Faso,11.7694,-0.75,POINT (-0.75 11.7694),3.0
ADHI_284,Burkina Faso,13.5999964,-2.066669,POINT (-2.066669 13.5999964),6.0
ADHI_285,Burkina Faso,11.4,-0.5,POINT (-0.5 11.4),3.0
ADHI_286,Burkina Faso,13.49306,-2.11472,POINT (-2.11472 13.49306),6.0
ADHI_287,Burkina Faso,11.3278,-4.8167,POINT (-4.8167 11.3278),3.0
ADHI_288,Burkina Faso,12.74,-3.45,POINT (-3.45 12.74),6.0
ADHI_289,Burkina Faso,12.74,-3.41,POINT (-3.41 12.74),6.0
ADHI_290,Burkina Faso,11.0194,-2.8167,POINT (-2.8167 11.0194),3.0
ADHI_291,Burkina Faso,12.1667,-2.8167,POINT (-2.8167 12.1667),3.0
ADHI_292,Burkina Faso,12.3694,-3.7167,POINT (-3.7167 12.3694),3.0
ADHI_293,Burkina Faso,11.7806,-1.5989,POINT (-1.5989 11.7806),3.0
ADHI_294,Burkina Faso,11.4361,-1.1833,POINT (-1.1833 11.4361),3.0
ADHI_295,Burkina Faso,11.76278,-0.70333,POINT (-0.70333 11.76278),3.0
ADHI_296,Burkina Faso,11.37,-4.38,POINT (-4.38 11.37),3.0
ADHI_297,Burkina Faso,11.19,-4.44,POINT (-4.44 11.19),3.0
ADHI_298,Burkina Faso,9.9833,-2.9,POINT (-2.9 9.9833),3.0
ADHI_299,Liberia,7.35,-11.13,POINT (-11.13 7.35),2.0
ADHI_300,Liberia,8.21,-10.13,POINT (-10.13 8.21),2.0
ADHI_301,Liberia,7.33,-9.53,POINT (-9.53 7.33),2.0
ADHI_302,Liberia,7.0625,-9.1638888,POINT (-9.1638888 7.0625),2.0
ADHI_303,Mali,11.64142,-8.22845,POINT (-8.22845 11.64142),3.0
ADHI_304,Mali,15.387081,-4.113426,POINT (-4.113426 15.387081),4.0
ADHI_305,Mali,14.58541667,-11.76093053,POINT (-11.76093053 14.58541667),6.0
ADHI_306,Mali,12.5167,-11.3,POINT (-11.3 12.5167),3.0
ADHI_307,Mali,12.107232,-8.320003,POINT (-8.320003 12.107232),3.0
ADHI_308,Niger,13.150357,7.215302,POINT (7.215302 13.150357),6.0
ADHI_309,Niger,12.5714,2.6236,POINT (2.6236 12.5714),6.0
ADHI_310,Niger,13.27291667,12.60530902,POINT (12.60530902 13.27291667),4.0
ADHI_311,Niger,14.6103,0.9906,POINT (0.9906 14.6103),4.0
ADHI_312,Niger,17.045717,8.041228,POINT (8.041228 17.045717),4.0
ADHI_313,Niger,13.47134358,12.87134358,POINT (12.87134358 13.47134358),4.0
ADHI_314,Niger,13.3667,8.9667,POINT (8.9667 13.3667),6.0
ADHI_315,Nigeria,9.1167,5.8333,POINT (5.8333 9.1167),3.0
ADHI_316,Nigeria,6.190492,6.754129,POINT (6.754129 6.190492),3.0
ADHI_317,Nigeria,7.8,6.749186,POINT (6.749186 7.8),3.0
ADHI_318,Nigeria,8.5833,6.3833,POINT (6.3833 8.5833),3.0
ADHI_319,Nigeria,9.1667,4.8333,POINT (4.8333 9.1667),3.0
ADHI_320,Nigeria,11.51833,4.25,POINT (4.25 11.51833),3.0
ADHI_321,Nigeria,7.9833,7.2,POINT (7.2 7.9833),3.0
ADHI_322,Nigeria,8.2,9.7333,POINT (9.7333 8.2),3.0
ADHI_323,Nigeria,9.2,11.2667,POINT (11.2667 9.2),3.0
ADHI_324,Nigeria,9.3833,12.7667,POINT (12.7667 9.3833),3.0
ADHI_325,Nigeria,7.25,9.336,POINT (9.336 7.25),3.0
ADHI_326,Nigeria,8.5167,10.45,POINT (10.45 8.5167),3.0
ADHI_327,Senegal,13.8667,-14.0833,POINT (-14.0833 13.8667),6.0
ADHI_328,Senegal,13.6167,-16.2833,POINT (-16.2833 13.6167),3.0
ADHI_329,Senegal,12.7833,-13.4833,POINT (-13.4833 12.7833),3.0
ADHI_330,Senegal,13.8167,-13.9,POINT (-13.9 13.8167),6.0
ADHI_331,Senegal,13.25,-13.9167,POINT (-13.9167 13.25),3.0
ADHI_332,Senegal,16.5167,-15.5,POINT (-15.5 16.5167),4.0
ADHI_333,Senegal,16.15,-13.9167,POINT (-13.9167 16.15),4.0
ADHI_334,Senegal,13.05,-14.55,POINT (-14.55 13.05),3.0
ADHI_335,Senegal,12.8833,-14.9333,POINT (-14.9333 12.8833),3.0
ADHI_336,Senegal,12.8333,-14.95,POINT (-14.95 12.8333),3.0
ADHI_337,Senegal,12.8333,-14.75,POINT (-14.75 12.8333),3.0
ADHI_338,Senegal,12.9167,-14.8833,POINT (-14.8833 12.9167),3.0
ADHI_339,Senegal,12.85,-14.5833,POINT (-14.5833 12.85),3.0
ADHI_340,Senegal,12.85,-14.7333,POINT (-14.7333 12.85),3.0
ADHI_341,Senegal,12.8333,-14.1333,POINT (-14.1333 12.8333),3.0
ADHI_342,Senegal,12.85,-14.0667,POINT (-14.0667 12.85),3.0
ADHI_343,Senegal,14.75,-17.1667,POINT (-17.1667 14.75),6.0
ADHI_344,Senegal,14.5297,-17.0509,POINT (-17.0509 14.5297),
ADHI_345,Chad,12.08958333,15.07943362,POINT (15.07943362 12.08958333),6.0
ADHI_346,Chad,10.9167,15.55,POINT (15.55 10.9167),6.0
ADHI_347,Chad,9.244157464,18.33125,POINT (18.33125 9.244157464),3.0
ADHI_348,Chad,11.6,15.2833,POINT (15.2833 11.6),6.0
ADHI_349,Chad,10.22843887,17.46322779,POINT (17.46322779 10.22843887),3.0
ADHI_350,Chad,9.393924038,18.95607596,POINT (18.95607596 9.393924038),3.0
ADHI_351,Chad,9.11875,18.37012631,POINT (18.37012631 9.11875),3.0
ADHI_352,Chad,9.1833,18.2,POINT (18.2 9.1833),3.0
ADHI_353,Chad,11.0667,20.3,POINT (20.3 11.0667),6.0
ADHI_354,Chad,8.7833,17.4833,POINT (17.4833 8.7833),3.0
ADHI_355,Cameroon,12.1833,14.8167,POINT (14.8167 12.1833),6.0
ADHI_356,Chad,10.5167,15.2,POINT (15.2 10.5167),6.0
ADHI_357,Chad,11.7667,15.1,POINT (15.1 11.7667),6.0
ADHI_358,Cameroon,7.4333,15.45,POINT (15.45 7.4333),3.0
ADHI_359,Chad,8.2667,15.6167,POINT (15.6167 8.2667),3.0
ADHI_360,Chad,7.95,16.6167,POINT (16.6167 7.95),3.0
ADHI_361,Chad,9.1167,15.8,POINT (15.8 9.1167),3.0
ADHI_362,Chad,9.344151635,16.0733183,POINT (16.0733183 9.344151635),3.0
ADHI_363,Chad,13.20884314,18.32032352,POINT (18.32032352 13.20884314),4.0
ADHI_364,Chad,13.29375,19.71644607,POINT (19.71644607 13.29375),6.0
ADHI_365,Chad,12.6833,18.65,POINT (18.65 12.6833),6.0
ADHI_366,Togo,7.2417,0.6792,POINT (0.6792 7.2417),3.0
ADHI_367,Togo,7.7333,0.6667,POINT (0.6667 7.7333),3.0
ADHI_368,Togo,10.16,0.8167,POINT (0.8167 10.16),3.0
ADHI_369,Togo,10.6,0.4,POINT (0.4 10.6),3.0
ADHI_370,Togo,9.0167,0.6833,POINT (0.6833 9.0167),3.0
ADHI_371,Togo,9.09,1.05,POINT (1.05 9.09),3.0
ADHI_372,Togo,10.92,0.81,POINT (0.81 10.92),3.0
ADHI_373,Togo,7.612,0.607,POINT (0.607 7.612),3.0
ADHI_374,Togo,9.25,0.8167,POINT (0.8167 9.25),3.0
ADHI_375,Togo,10.717,0.1,POINT (0.1 10.717),3.0
ADHI_376,Togo,10.11,0.7667,POINT (0.7667 10.11),3.0
ADHI_377,Togo,9.4667,1.13,POINT (1.13 9.4667),3.0
ADHI_378,Togo,9.645,0.95,POINT (0.95 9.645),3.0
ADHI_379,Togo,9.6333,0.9514,POINT (0.9514 9.6333),3.0
ADHI_380,Togo,10.5333,0.3167,POINT (0.3167 10.5333),3.0
ADHI_381,Togo,10.22,0.7167,POINT (0.7167 10.22),3.0
ADHI_382,Togo,6.25,1.6167,POINT (1.6167 6.25),3.0
ADHI_383,Togo,6.505,1.3375,POINT (1.3375 6.505),3.0
ADHI_384,Togo,6.8789,0.8222,POINT (0.8222 6.8789),3.0
ADHI_385,Togo,6.5317,1.0083,POINT (1.0083 6.5317),3.0
ADHI_386,Togo,6.2833,1.2167,POINT (1.2167 6.2833),3.0
ADHI_387,Togo,6.45,1.25,POINT (1.25 6.45),3.0
ADHI_388,Togo,6.7,1.3167,POINT (1.3167 6.7),3.0
ADHI_389,Togo,6.573142966,1.673142966,POINT (1.673142966 6.573142966),3.0
ADHI_390,Togo,7.8,1.3,POINT (1.3 7.8),3.0
ADHI_391,Togo,7.8167,1.2667,POINT (1.2667 7.8167),3.0
ADHI_392,Benin,6.3667,1.7833,POINT (1.7833 6.3667),3.0
ADHI_393,Togo,7.4333,1.4333,POINT (1.4333 7.4333),3.0
ADHI_394,Togo,7.0167,1.5333,POINT (1.5333 7.0167),3.0
ADHI_395,Togo,7.4,0.8667,POINT (0.8667 7.4),3.0
ADHI_396,Togo,7.3333,1.1667,POINT (1.1667 7.3333),3.0
ADHI_397,Togo,7.75,1.1833,POINT (1.1833 7.75),3.0
ADHI_398,Togo,8.3333,0.9667,POINT (0.9667 8.3333),3.0
ADHI_399,Togo,8.3333,0.9667,POINT (0.9667 8.3333),3.0
ADHI_400,Togo,7.7333,1.2,POINT (1.2 7.7333),3.0
ADHI_401,Togo,7.1667,1.1667,POINT (1.1667 7.1667),3.0
ADHI_402,Togo,7.9167,1.3667,POINT (1.3667 7.9167),3.0
ADHI_403,Togo,7.5333,1.0833,POINT (1.0833 7.5333),3.0
ADHI_404,Tunisia,37.12222222,9.50861111,POINT (9.50861111 37.12222222),8.0
ADHI_405,Tunisia,37.24333333,9.37722222,POINT (9.37722222 37.24333333),8.0
ADHI_406,Tunisia,37.08444,9.57583,POINT (9.57583 37.08444),8.0
ADHI_407,Tunisia,37.21388889,9.29,POINT (9.29 37.21388889),8.0
ADHI_408,Tunisia,37.1075,9.72916,POINT (9.72916 37.1075),8.0
ADHI_409,Tunisia,37.07916667,9.17472222,POINT (9.17472222 37.07916667),8.0
ADHI_410,Tunisia,37.19388889,9.1672,POINT (9.1672 37.19388889),8.0
ADHI_411,Tunisia,36.955,9.12527778,POINT (9.12527778 36.955),8.0
ADHI_412,Tunisia,37.03139,9.665,POINT (9.665 37.03139),8.0
ADHI_413,Tunisia,37.03861111,9.345,POINT (9.345 37.03861111),8.0
ADHI_414,Tunisia,36.87916667,9.67,POINT (9.67 36.87916667),8.0
ADHI_415,Tunisia,36.93416667,9.38,POINT (9.38 36.93416667),8.0
ADHI_416,Tunisia,36.96306,9.01444,POINT (9.01444 36.96306),8.0
ADHI_417,Tunisia,36.90417,9.11694,POINT (9.11694 36.90417),8.0
ADHI_418,Tunisia,37.02556,8.98944,POINT (8.98944 37.02556),8.0
ADHI_419,Tunisia,36.48139,8.75555,POINT (8.75555 36.48139),8.0
ADHI_420,Tunisia,36.89194,8.71833,POINT (8.71833 36.89194),8.0
ADHI_421,Tunisia,37.12611,9.09222,POINT (9.09222 37.12611),8.0
ADHI_422,Tunisia,36.77306,8.57694,POINT (8.57694 36.77306),8.0
ADHI_423,Tunisia,36.39417,9.908,POINT (9.908 36.39417),6.0
ADHI_424,Tunisia,36.56028,10.04444,POINT (10.04444 36.56028),8.0
ADHI_425,Tunisia,36.72639,10.2524,POINT (10.2524 36.72639),8.0
ADHI_426,Tunisia,36.22583,9.74694,POINT (9.74694 36.22583),6.0
ADHI_427,Tunisia,36.65194,10.27555,POINT (10.27555 36.65194),8.0
ADHI_428,Tunisia,36.29083,9.94389,POINT (9.94389 36.29083),6.0
ADHI_429,Tunisia,36.34194,9.61722,POINT (9.61722 36.34194),6.0
ADHI_430,Tunisia,36.68583,10.49583,POINT (10.49583 36.68583),6.0
ADHI_431,Tunisia,36.86806,10.66444,POINT (10.66444 36.86806),8.0
ADHI_432,Tunisia,36.76861,10.8575,POINT (10.8575 36.76861),6.0
ADHI_433,Tunisia,36.81167,10.87111,POINT (10.87111 36.81167),8.0
ADHI_434,Tunisia,36.41611,10.57,POINT (10.57 36.41611),
ADHI_435,Tunisia,36.32278,10.37472,POINT (10.37472 36.32278),4.0
ADHI_436,Tunisia,36.15083,10.22111,POINT (10.22111 36.15083),4.0
ADHI_437,Tunisia,36.6675,8.77472,POINT (8.77472 36.6675),8.0
ADHI_438,Tunisia,36.484999,8.54229,POINT (8.54229 36.484999),8.0
ADHI_439,Tunisia,36.11694,8.4938,POINT (8.4938 36.11694),4.0
ADHI_440,Tunisia,36.01694,8.62055,POINT (8.62055 36.01694),4.0
ADHI_441,Algeria,35.61667,8.27278,POINT (8.27278 35.61667),4.0
ADHI_442,Tunisia,36.27889,8.95389222,POINT (8.95389222 36.27889),4.0
ADHI_443,Tunisia,36.64306,8.70361,POINT (8.70361 36.64306),8.0
ADHI_444,Tunisia,36.451555,8.434965,POINT (8.434965 36.451555),7.0
ADHI_445,Tunisia,36.50102,8.768556,POINT (8.768556 36.50102),8.0
ADHI_446,Tunisia,36.600707,8.966399,POINT (8.966399 36.600707),8.0
ADHI_447,Tunisia,36.53917,9.428184,POINT (9.428184 36.53917),8.0
ADHI_448,Tunisia,35.96389,9.43,POINT (9.43 35.96389),4.0
ADHI_449,Tunisia,36.73629,9.22379,POINT (9.22379 36.73629),8.0
ADHI_450,Tunisia,36.79194,9.42916,POINT (9.42916 36.79194),8.0
ADHI_451,Tunisia,36.63361,9.23028,POINT (9.23028 36.63361),8.0
ADHI_452,Tunisia,36.588119,9.518017,POINT (9.518017 36.588119),8.0
ADHI_453,Tunisia,36.649435,9.606516,POINT (9.606516 36.649435),8.0
ADHI_454,Tunisia,36.722058,9.665371,POINT (9.665371 36.722058),8.0
ADHI_455,Tunisia,36.846836,9.927486,POINT (9.927486 36.846836),8.0
ADHI_456,Tunisia,36.843961,9.963039,POINT (9.963039 36.843961),8.0
ADHI_457,Tunisia,35.81278,9.364722,POINT (9.364722 35.81278),4.0
ADHI_458,Tunisia,35.63194,9.660833,POINT (9.660833 35.63194),4.0
ADHI_459,Tunisia,35.73861,9.3825,POINT (9.3825 35.73861),4.0
ADHI_460,Tunisia,35.63667,9.608055,POINT (9.608055 35.63667),4.0
ADHI_461,Tunisia,35.57833,9.11555,POINT (9.11555 35.57833),4.0
ADHI_462,Tunisia,35.25111,8.75333,POINT (8.75333 35.25111),4.0
ADHI_463,Tunisia,35.09194,9.11778,POINT (9.11778 35.09194),4.0
ADHI_464,Tunisia,35.38806,9.6863,POINT (9.6863 35.38806),4.0
ADHI_465,Tunisia,34.56361,10.48722,POINT (10.48722 34.56361),4.0
ADHI_466,Tunisia,34.74,10.27083,POINT (10.27083 34.74),4.0
ADHI_467,Tunisia,33.86972,9.77833,POINT (9.77833 33.86972),4.0
ADHI_468,Tunisia,30.95556,10.02139,POINT (10.02139 30.95556),4.0
ADHI_469,Uganda,-1.048686,30.45769,POINT (30.45769 -1.048686),3.0
ADHI_470,United Republic of Tanzania,-9.9333,35.1833,POINT (35.1833 -9.9333),11.0
ADHI_471,Zambia,-14.9333,23.9167,POINT (23.9167 -14.9333),3.0
ADHI_472,Malawi,-15.06,35.21,POINT (35.21 -15.06),11.0
ADHI_473,Zimbabwe,-21.41,29.39,POINT (29.39 -21.41),6.0
ADHI_474,Rwanda,-1.703309,29.25933,POINT (29.25933 -1.703309),3.0
ADHI_475,Rwanda,-1.699049,29.31603,POINT (29.31603 -1.699049),3.0
ADHI_476,United Republic of Tanzania,-2.38454,30.78087,POINT (30.78087 -2.38454),3.0
ADHI_477,Rwanda,-2.058748,30.08704,POINT (30.08704 -2.058748),3.0
ADHI_478,Rwanda,-1.959973,30.00281,POINT (30.00281 -1.959973),3.0
ADHI_479,Rwanda,-2.201949,30.2778,POINT (30.2778 -2.201949),3.0
ADHI_480,Rwanda,-2.083801,29.62376,POINT (29.62376 -2.083801),3.0
ADHI_481,Rwanda,-1.728564,29.66764,POINT (29.66764 -1.728564),3.0
ADHI_482,Rwanda,-2.760281,29.566,POINT (29.566 -2.760281),3.0
ADHI_483,Burundi,-2.812917,29.72612,POINT (29.72612 -2.812917),3.0
ADHI_484,Rwanda,-2.271544,30.55515,POINT (30.55515 -2.271544),3.0
ADHI_485,Rwanda,-1.731859,29.65252,POINT (29.65252 -1.731859),3.0
ADHI_486,Rwanda,-1.551661,29.64344,POINT (29.64344 -1.551661),3.0
ADHI_487,Rwanda,-1.945086,30.02125,POINT (30.02125 -1.945086),3.0
ADHI_488,Rwanda,-2.451528,29.45161,POINT (29.45161 -2.451528),3.0
ADHI_489,Rwanda,-1.418231,29.83247,POINT (29.83247 -1.418231),3.0
ADHI_490,Rwanda,-2.702206,29.02625,POINT (29.02625 -2.702206),3.0
ADHI_491,South Africa,-24.06627777,31.24288888,POINT (31.24288888 -24.06627777),11.0
ADHI_492,Cameroon,4.422769,14.324641,POINT (14.324641 4.422769),3.0
ADHI_493,Cameroon,3.2167,14.9167,POINT (14.9167 3.2167),3.0
ADHI_494,Cameroon,3.361071828,12.74726151,POINT (12.74726151 3.361071828),3.0
ADHI_495,Cameroon,8.1167,13.8333,POINT (13.8333 8.1167),3.0
ADHI_496,Cameroon,8.65,12.8667,POINT (12.8667 8.65),3.0
ADHI_497,Cameroon,5.872916667,14.15002257,POINT (14.15002257 5.872916667),3.0
ADHI_498,Cameroon,5.98761,11.261282,POINT (11.261282 5.98761),3.0
ADHI_499,Cameroon,7.25,13.5667,POINT (13.5667 7.25),3.0
ADHI_500,Cameroon,2.939583333,9.914692259,POINT (9.914692259 2.939583333),1.0
ADHI_501,Cameroon,2.864515119,9.906318214,POINT (9.906318214 2.864515119),1.0
ADHI_502,Cameroon,3.2333,10.7333,POINT (10.7333 3.2333),2.0
ADHI_503,Cameroon,4.5667,9.5333,POINT (9.5333 4.5667),2.0
ADHI_504,Equatorial Guinea,2.1333,11.3,POINT (11.3 2.1333),2.0
ADHI_505,Cameroon,2.4,10.4,POINT (10.4 2.4),2.0
ADHI_506,Cameroon,3.4333,11.2833,POINT (11.2833 3.4333),2.0
ADHI_507,Cote d'Ivoire,8.1069,-5.4972,POINT (-5.4972 8.1069),3.0
ADHI_508,Cote d'Ivoire,7.6856,-5.6686,POINT (-5.6686 7.6856),3.0
ADHI_509,Cote d'Ivoire,7.8106,-4.6875,POINT (-4.6875 7.8106),3.0
ADHI_510,Cote d'Ivoire,7.4458,-4.3556,POINT (-4.3556 7.4458),3.0
ADHI_511,Cote d'Ivoire,6.125,-3.48,POINT (-3.48 6.125),3.0
ADHI_512,Cote d'Ivoire,7.9383,-3.9419,POINT (-3.9419 7.9383),3.0
ADHI_513,Cote d'Ivoire,9.7069,-7.8028,POINT (-7.8028 9.7069),3.0
ADHI_514,Cote d'Ivoire,10.1194,-7.6014,POINT (-7.6014 10.1194),3.0
ADHI_515,Benin,11.2333,2.65,POINT (2.65 11.2333),3.0
ADHI_516,Benin,11.0667,3.0667,POINT (3.0667 11.0667),3.0
ADHI_517,Benin,9.1667,2.1083,POINT (2.1083 9.1667),3.0
ADHI_518,Gabon,-0.7061,10.2242,POINT (10.2242 -0.7061),3.0
ADHI_519,Ghana,9.5333,-1.38,POINT (-1.38 9.5333),3.0
ADHI_520,Ghana,9.68,-1.03,POINT (-1.03 9.68),3.0
ADHI_521,Ghana,10.5833,-0.85,POINT (-0.85 10.5833),3.0
ADHI_522,Ghana,11.00037,-0.384963,POINT (-0.384963 11.00037),3.0
ADHI_523,Ghana,8.15,-2.0333,POINT (-2.0333 8.15),3.0
ADHI_524,Burkina Faso,10.6,-2.935,POINT (-2.935 10.6),3.0
ADHI_525,Ghana,10.8667,-0.61,POINT (-0.61 10.8667),3.0
ADHI_526,Togo,9.6,0.3167,POINT (0.3167 9.6),3.0
ADHI_527,Ghana,7.515,-1.575,POINT (-1.575 7.515),3.0
ADHI_528,Ghana,10.3333,-1.317222,POINT (-1.317222 10.3333),3.0
ADHI_529,Ghana,10.2333,-1.2833,POINT (-1.2833 10.2333),3.0
ADHI_530,Ghana,10.14791667,-0.794587063,POINT (-0.794587063 10.14791667),3.0
ADHI_531,Guinea,10.3,-13.5667,POINT (-13.5667 10.3),2.0
ADHI_532,Guinea,10.5064,-12.8969,POINT (-12.8969 10.5064),3.0
ADHI_533,Guinea,10.31348392,-12.41765058,POINT (-12.41765058 10.31348392),3.0
ADHI_534,Guinea,10.2833,-13.4,POINT (-13.4 10.2833),2.0
ADHI_535,Burkina Faso,13.436,0.501,POINT (0.501 13.436),6.0
ADHI_536,Mali,11.688462,-8.66551,POINT (-8.66551 11.688462),3.0
ADHI_537,Mali,16.253639,-3.393186,POINT (-3.393186 16.253639),4.0
ADHI_538,Mali,13.958313,-5.358958,POINT (-5.358958 13.958313),6.0
ADHI_539,Mali,16.66174,-3.024742,POINT (-3.024742 16.66174),4.0
ADHI_540,Mali,12.857266,-7.558105,POINT (-7.558105 12.857266),3.0
ADHI_541,Mali,14.51667859,-4.199988079,POINT (-4.199988079 14.51667859),6.0
ADHI_542,Mali,11.65168,-8.23059,POINT (-8.23059 11.65168),3.0
ADHI_543,Mali,13.213853,-5.903105,POINT (-5.903105 13.213853),6.0
ADHI_544,Mali,13.87362495,-11.06041667,POINT (-11.06041667 13.87362495),3.0
ADHI_545,Mali,13.2333,-10.8,POINT (-10.8 13.2333),3.0
ADHI_546,Mali,13.2,-10.4167,POINT (-10.4167 13.2),3.0
ADHI_547,Mali,13.45,-9.8833,POINT (-9.8833 13.45),3.0
ADHI_548,Mali,12.5167,-11.3833,POINT (-11.3833 12.5167),3.0
ADHI_549,Mali,13.58533162,-9.868835048,POINT (-9.868835048 13.58533162),3.0
ADHI_550,Niger,13.85,1.4333,POINT (1.4333 13.85),6.0
ADHI_551,Niger,14.75814221,0.571024461,POINT (0.571024461 14.75814221),4.0
ADHI_552,Nigeria,11.3833,4.1333,POINT (4.1333 11.3833),3.0
ADHI_553,Senegal,12.6333,-12.0833,POINT (-12.0833 12.6333),3.0
ADHI_554,Senegal,12.6,-12.6167,POINT (-12.6167 12.6),3.0
ADHI_555,Senegal,13.6833,-13.1667,POINT (-13.1667 13.6833),3.0
ADHI_556,Senegal,13.4833,-13.6833,POINT (-13.6833 13.4833),3.0
ADHI_557,Senegal,13.0667,-12.7333,POINT (-12.7333 13.0667),3.0
ADHI_558,Senegal,12.5333,-12.2667,POINT (-12.2667 12.5333),3.0
ADHI_559,Senegal,12.5667,-12.5333,POINT (-12.5333 12.5667),3.0
ADHI_560,Senegal,15.65,-13.25,POINT (-13.25 15.65),4.0
ADHI_561,Senegal,16.163247,-13.879532,POINT (-13.879532 16.163247),4.0
ADHI_562,Chad,10.5,16.7167,POINT (16.7167 10.5),3.0
ADHI_563,Chad,8.3333,17.7667,POINT (17.7667 8.3333),3.0
ADHI_564,Chad,7.75,15.6667,POINT (15.6667 7.75),3.0
ADHI_565,Chad,10.83444179,15.07291667,POINT (15.07291667 10.83444179),6.0
ADHI_566,Chad,9.4,16.3,POINT (16.3 9.4),3.0
ADHI_567,Chad,7.8333,15.8333,POINT (15.8333 7.8333),3.0
ADHI_568,Chad,8.65,16.8333,POINT (16.8333 8.65),3.0
ADHI_569,Chad,9.85,15.2667,POINT (15.2667 9.85),3.0
ADHI_570,Togo,10.8417,0.8556,POINT (0.8556 10.8417),3.0
ADHI_571,Togo,10.3,0.4667,POINT (0.4667 10.3),3.0
ADHI_572,Togo,9.635,0.955,POINT (0.955 9.635),3.0
ADHI_573,Togo,9.5333,1.1833,POINT (1.1833 9.5333),3.0
ADHI_574,Togo,9.88,0.5667,POINT (0.5667 9.88),3.0
ADHI_575,Togo,10.0,1.1083,POINT (1.1083 10),3.0
ADHI_576,Togo,10.2,0.45,POINT (0.45 10.2),3.0
ADHI_577,Togo,9.0153,0.6819,POINT (0.6819 9.0153),3.0
ADHI_578,Togo,10.75,0.5667,POINT (0.5667 10.75),3.0
ADHI_579,Cameroon,9.05,13.6833,POINT (13.6833 9.05),3.0
ADHI_580,Cameroon,6.2833,10.0333,POINT (10.0333 6.2833),2.0
ADHI_581,Cameroon,3.5167,11.5,POINT (11.5 3.5167),3.0
ADHI_582,Congo,-4.272448,15.294093,POINT (15.294093 -4.272448),3.0
ADHI_583,Cote d'Ivoire,5.8947,-4.8178,POINT (-4.8178 5.8947),3.0
ADHI_584,Cote d'Ivoire,6.979988,-5.754365,POINT (-5.754365 6.979988),3.0
ADHI_585,Cote d'Ivoire,6.6358,-4.71,POINT (-4.71 6.6358),3.0
ADHI_586,Cote d'Ivoire,5.9964,-4.8125,POINT (-4.8125 5.9964),3.0
ADHI_587,Cote d'Ivoire,7.447418,-3.509399,POINT (-3.509399 7.447418),3.0
ADHI_588,Cote d'Ivoire,6.6375,-3.7126,POINT (-3.7126 6.6375),3.0
ADHI_589,Cote d'Ivoire,9.8947,-6.4147,POINT (-6.4147 9.8947),3.0
ADHI_590,Cote d'Ivoire,9.88,-6.37,POINT (-6.37 9.88),3.0
ADHI_591,Cote d'Ivoire,5.7833,-6.6131,POINT (-6.6131 5.7833),3.0
ADHI_592,Cote d'Ivoire,6.792839453,-6.688672786,POINT (-6.688672786 6.792839453),3.0
ADHI_593,Benin,11.888,3.383,POINT (3.383 11.888),6.0
ADHI_594,Benin,11.74,3.3333,POINT (3.3333 11.74),3.0
ADHI_595,Ghana,8.2833,-2.2333,POINT (-2.2333 8.2833),3.0
ADHI_596,Guinea,11.37015785,-9.160416667,POINT (-9.160416667 11.37015785),3.0
ADHI_597,Guinea,10.125,-8.7583,POINT (-8.7583 10.125),3.0
ADHI_598,Burkina Faso,9.9,-4.6167,POINT (-4.6167 9.9),3.0
ADHI_599,Burkina Faso,13.3,-0.2667,POINT (-0.2667 13.3),6.0
ADHI_600,Burkina Faso,12.5278,-3.55,POINT (-3.55 12.5278),3.0
ADHI_601,Burkina Faso,10.9472,-3.1667,POINT (-3.1667 10.9472),3.0
ADHI_602,Burkina Faso,12.495814,-1.399473,POINT (-1.399473 12.495814),6.0
ADHI_603,Burkina Faso,11.1833,-0.2833,POINT (-0.2833 11.1833),3.0
ADHI_604,Burkina Faso,12.9667,-3.45,POINT (-3.45 12.9667),6.0
ADHI_605,Burkina Faso,12.75,-3.44,POINT (-3.44 12.75),6.0
ADHI_606,Mali,11.95,-10.6167,POINT (-10.6167 11.95),3.0
ADHI_607,Senegal,13.4667,-13.7333,POINT (-13.7333 13.4667),3.0
ADHI_608,Senegal,12.55,-12.1833,POINT (-12.1833 12.55),3.0
ADHI_609,Senegal,12.8397701,-12.34393676,POINT (-12.34393676 12.8397701),3.0
ADHI_610,Senegal,13.0333,-13.3,POINT (-13.3 13.0333),3.0
ADHI_611,Senegal,13.34791667,-13.36886629,POINT (-13.36886629 13.34791667),3.0
ADHI_612,Senegal,13.34081494,-13.38125,POINT (-13.38125 13.34081494),3.0
ADHI_613,Senegal,13.2,-13.6167,POINT (-13.6167 13.2),3.0
ADHI_614,Chad,11.53878749,15.13958333,POINT (15.13958333 11.53878749),6.0
ADHI_615,Cote d'Ivoire,7.841611,-7.666575,POINT (-7.666575 7.841611),3.0
ADHI_616,Benin,10.994014,0.9773,POINT (0.9773 10.994014),3.0
ADHI_617,Benin,9.199179,2.267582,POINT (2.267582 9.199179),3.0
ADHI_618,Cote d'Ivoire,10.1667,-5.0683,POINT (-5.0683 10.1667),3.0
ADHI_619,Burkina Faso,13.27,-0.45,POINT (-0.45 13.27),6.0
ADHI_620,Burkina Faso,14.41875,0.12656719,POINT (0.12656719 14.41875),6.0
ADHI_621,Burkina Faso,12.3789,-1.08,POINT (-1.08 12.3789),6.0
ADHI_622,Burkina Faso,11.4667,-4.4667,POINT (-4.4667 11.4667),3.0
ADHI_623,Mali,14.45625,-11.44783449,POINT (-11.44783449 14.45625),6.0
ADHI_624,Mali,12.55,-10.2667,POINT (-10.2667 12.55),3.0
ADHI_625,Mali,13.6,-10.3833,POINT (-10.3833 13.6),3.0
ADHI_626,Mali,13.38958333,-11.66995741,POINT (-11.66995741 13.38958333),3.0
ADHI_627,Mali,14.454661,-12.205007,POINT (-12.205007 14.454661),6.0
ADHI_628,Chad,12.10944023,15.03222644,POINT (15.03222644 12.10944023),6.0
ADHI_629,Chad,8.5333,16.0667,POINT (16.0667 8.5333),3.0
ADHI_630,Cote d'Ivoire,7.7083,-7.0669,POINT (-7.0669 7.7083),3.0
ADHI_631,Burkina Faso,11.7833,-2.9167,POINT (-2.9167 11.7833),3.0
ADHI_632,Burkina Faso,10.5667,-2.9167,POINT (-2.9167 10.5667),3.0
ADHI_633,Senegal,14.93685953,-12.45625,POINT (-12.45625 14.93685953),6.0
ADHI_634,Chad,9.147436947,18.39839639,POINT (18.39839639 9.147436947),3.0
ADHI_635,Chad,10.2667,15.4167,POINT (15.4167 10.2667),3.0
ADHI_636,Cote d'Ivoire,9.8189,-7.5544,POINT (-7.5544 9.8189),3.0
ADHI_637,Cote d'Ivoire,9.9222,-7.4319,POINT (-7.4319 9.9222),3.0
ADHI_638,Cote d'Ivoire,10.6556,-6.6306,POINT (-6.6306 10.6556),3.0
ADHI_639,Benin,7.1167,2.3333,POINT (2.3333 7.1167),3.0
ADHI_640,Nigeria,7.75,8.5333,POINT (8.5333 7.75),3.0
ADHI_641,Benin,7.5333,2.0333,POINT (2.0333 7.5333),3.0
ADHI_642,Guinea,9.25,-10.0167,POINT (-10.0167 9.25),3.0
ADHI_643,Niger,13.5016,2.105,POINT (2.105 13.5016),6.0
ADHI_644,Cameroon,9.294019,13.404098,POINT (13.404098 9.294019),3.0
ADHI_645,Cameroon,9.6167,13.8667,POINT (13.8667 9.6167),6.0
ADHI_646,Benin,8.0,2.4167,POINT (2.4167 8),3.0
ADHI_647,Guinea,10.03744,-10.749486,POINT (-10.749486 10.03744),3.0
ADHI_648,Guinea,9.2667,-9.0333,POINT (-9.0333 9.2667),3.0
ADHI_649,Guinea,10.6167,-9.7,POINT (-9.7 10.6167),3.0
ADHI_650,Guinea,10.6167,-8.6833,POINT (-8.6833 10.6167),3.0
ADHI_651,Guinea,11.2444,-10.5917,POINT (-10.5917 11.2444),3.0
ADHI_652,Guinea,10.3833,-9.3,POINT (-9.3 10.3833),3.0
ADHI_653,Algeria,35.38028,0.067972,POINT (0.067972 35.38028),8.0
ADHI_654,Algeria,36.320296,2.02463797,POINT (2.02463797 36.320296),8.0
ADHI_655,Algeria,36.166399,2.073765,POINT (2.073765 36.166399),8.0
ADHI_656,Morocco,35.54949179,-5.47826863,POINT (-5.47826863 35.54949179),8.0
ADHI_657,Morocco,35.51436825,-5.447933574,POINT (-5.447933574 35.51436825),8.0
ADHI_658,Morocco,35.56167635,-5.374641753,POINT (-5.374641753 35.56167635),8.0
ADHI_659,Morocco,35.36416023,-5.179452837,POINT (-5.179452837 35.36416023),8.0
ADHI_660,Morocco,34.97206714,-3.386989069,POINT (-3.386989069 34.97206714),8.0
ADHI_661,Morocco,30.753,-9.155,POINT (-9.155 30.753),6.0
ADHI_662,Morocco,30.844,-9.071,POINT (-9.071 30.844),6.0
ADHI_663,Morocco,35.00628837,-5.508718497,POINT (-5.508718497 35.00628837),8.0
ADHI_664,Morocco,31.320414,-7.751391,POINT (-7.751391 31.320414),6.0
ADHI_665,Morocco,32.460233,-6.449955,POINT (-6.449955 32.460233),8.0
ADHI_666,Morocco,32.411192,-5.743654,POINT (-5.743654 32.411192),6.0
ADHI_667,Morocco,31.543821,-7.598234,POINT (-7.598234 31.543821),6.0
ADHI_668,Morocco,31.638882,-7.475638,POINT (-7.475638 31.638882),6.0
ADHI_669,Morocco,31.29224,-7.963338,POINT (-7.963338 31.29224),6.0
ADHI_670,Morocco,32.261579,-6.097405,POINT (-6.097405 32.261579),6.0
ADHI_671,Algeria,36.02,0.27,POINT (0.27 36.02),8.0
ADHI_672,Algeria,36.67,2.82,POINT (2.82 36.67),8.0
ADHI_673,Algeria,36.42,4.6,POINT (4.6 36.42),8.0
ADHI_674,Algeria,36.45,7.72,POINT (7.72 36.45),8.0
ADHI_675,Algeria,35.15,-1.45,POINT (-1.45 35.15),8.0
ADHI_676,Algeria,35.07,-1.22,POINT (-1.22 35.07),8.0
ADHI_677,Mali,11.97,-8.23,POINT (-8.23 11.97),3.0
ADHI_678,Mali,10.8,-7.67,POINT (-7.67 10.8),3.0
ADHI_679,Mali,11.4,-7.45,POINT (-7.45 11.4),3.0
ADHI_680,Mali,11.07,-6.85,POINT (-6.85 11.07),3.0
ADHI_681,Mali,12.52,-6.8,POINT (-6.8 12.52),3.0
ADHI_682,Mali,11.42,-6.57,POINT (-6.57 11.42),3.0
ADHI_683,Mali,13.7167,-6.05,POINT (-6.05 13.7167),6.0
ADHI_684,Mali,12.05625,-5.810634517,POINT (-5.810634517 12.05625),3.0
ADHI_685,Mali,14.17,-5.02,POINT (-5.02 14.17),6.0
ADHI_686,Mali,13.38,-4.92,POINT (-4.92 13.38),6.0
ADHI_687,Mali,14.15,-4.98,POINT (-4.98 14.15),6.0
ADHI_688,Mali,14.02,-4.25,POINT (-4.25 14.02),6.0
ADHI_689,Mali,16.42,-3.65,POINT (-3.65 16.42),4.0
ADHI_690,Mali,16.13,-3.75,POINT (-3.75 16.13),4.0
ADHI_691,Mali,15.82,-3.7,POINT (-3.7 15.82),4.0
ADHI_692,Mali,16.93,-0.58,POINT (-0.58 16.93),4.0
ADHI_693,Mali,15.6667,0.5,POINT (0.5 15.6667),4.0
ADHI_694,Democratic Republic of the Congo,-0.35,25.45,POINT (25.45 -0.35),1.0
ADHI_695,Democratic Republic of the Congo,-2.95,25.9167,POINT (25.9167 -2.95),2.0
ADHI_696,Democratic Republic of the Congo,-3.1833,17.3833,POINT (17.3833 -3.1833),3.0
ADHI_697,Democratic Republic of the Congo,-4.3333,20.5833,POINT (20.5833 -4.3333),3.0
ADHI_698,South Africa,-28.7578,17.7214,POINT (17.7214 -28.7578),4.0
ADHI_699,South Africa,-31.8067,20.3578,POINT (20.3578 -31.8067),5.0
ADHI_700,South Africa,-31.8153,20.5781,POINT (20.5781 -31.8153),5.0
ADHI_701,South Africa,-30.4744,20.5192,POINT (20.5192 -30.4744),5.0
ADHI_702,South Africa,-31.3661,21.3222,POINT (21.3222 -31.3661),5.0
ADHI_703,South Africa,-28.4578,21.2392,POINT (21.2392 -28.4578),4.0
ADHI_704,South Africa,-29.6517,22.7458,POINT (22.7458 -29.6517),5.0
ADHI_705,South Africa,-29.1619,23.6958,POINT (23.6958 -29.1619),5.0
ADHI_706,South Africa,-29.1442,26.3181,POINT (26.3181 -29.1442),7.0
ADHI_707,South Africa,-29.6581,25.9728,POINT (25.9728 -29.6581),7.0
ADHI_708,South Africa,-29.8125,26.2117,POINT (26.2117 -29.8125),7.0
ADHI_709,South Africa,-29.9025,26.2144,POINT (26.2144 -29.9025),7.0
ADHI_710,South Africa,-27.5733,24.7458,POINT (24.7458 -27.5733),6.0
ADHI_711,South Africa,-27.8403,25.9044,POINT (25.9044 -27.8403),7.0
ADHI_712,South Africa,-28.4989,24.6031,POINT (24.6031 -28.4989),7.0
ADHI_713,South Africa,-27.3983,26.6131,POINT (26.6131 -27.3983),7.0
ADHI_714,South Africa,-27.3997,26.6256,POINT (26.6256 -27.3997),7.0
ADHI_715,South Africa,-27.9356,27.9964,POINT (27.9964 -27.9356),11.0
ADHI_716,South Africa,-27.3558,27.2856,POINT (27.2856 -27.3558),11.0
ADHI_717,South Africa,-27.37,26.3506,POINT (26.3506 -27.37),7.0
ADHI_718,South Africa,-27.5606,26.2333,POINT (26.2333 -27.5606),7.0
ADHI_719,South Africa,-31.0008,26.3531,POINT (26.3531 -31.0008),7.0
ADHI_720,South Africa,-30.6781,26.7164,POINT (26.7164 -30.6781),7.0
ADHI_721,South Africa,-30.3364,27.3583,POINT (27.3583 -30.3364),15.0
ADHI_722,South Africa,-30.8306,26.9206,POINT (26.9206 -30.8306),7.0
ADHI_723,South Africa,-28.6947,28.2347,POINT (28.2347 -28.6947),11.0
ADHI_724,South Africa,-26.8202,28.0633,POINT (28.0633 -26.8202),12.0
ADHI_725,South Africa,-27.2983,28.4956,POINT (28.4956 -27.2983),12.0
ADHI_726,South Africa,-27.8478,28.945,POINT (28.945 -27.8478),12.0
ADHI_727,South Africa,-28.085,28.8367,POINT (28.8367 -28.085),12.0
ADHI_728,South Africa,-28.3756,28.8617,POINT (28.8617 -28.3756),12.0
ADHI_729,South Africa,-26.2481,27.5894,POINT (27.5894 -26.2481),12.0
ADHI_730,South Africa,-26.2336,27.6519,POINT (27.6519 -26.2336),12.0
ADHI_731,South Africa,-26.2328,27.6686,POINT (27.6686 -26.2328),12.0
ADHI_732,South Africa,-27.1694,29.2331,POINT (29.2331 -27.1694),12.0
ADHI_733,South Africa,-26.8614,28.8844,POINT (28.8844 -26.8614),12.0
ADHI_734,South Africa,-34.0775,19.29,POINT (19.29 -34.0775),8.0
ADHI_735,South Africa,-34.0622,19.0722,POINT (19.0722 -34.0622),8.0
ADHI_736,South Africa,-34.1661,19.1325,POINT (19.1325 -34.1661),9.0
ADHI_737,South Africa,-34.1536,19.1356,POINT (19.1356 -34.1536),9.0
ADHI_738,South Africa,-34.4053,19.5958,POINT (19.5958 -34.4053),9.0
ADHI_739,South Africa,-34.2917,20.0228,POINT (20.0228 -34.2917),7.0
ADHI_740,South Africa,-30.8239,18.1175,POINT (18.1175 -30.8239),5.0
ADHI_741,South Africa,-33.9864,18.9556,POINT (18.9556 -33.9864),8.0
ADHI_742,South Africa,-32.7803,19.2831,POINT (19.2831 -32.7803),8.0
ADHI_743,South Africa,-32.2117,18.9367,POINT (18.9367 -32.2117),7.0
ADHI_744,South Africa,-31.8625,18.6864,POINT (18.6864 -31.8625),7.0
ADHI_745,South Africa,-33.1847,19.1553,POINT (19.1553 -33.1847),8.0
ADHI_746,South Africa,-33.1344,19.0606,POINT (19.0606 -33.1344),8.0
ADHI_747,South Africa,-33.4639,18.7403,POINT (18.7403 -33.4639),8.0
ADHI_748,South Africa,-33.705,18.6997,POINT (18.6997 -33.705),8.0
ADHI_749,South Africa,-33.5819,18.3619,POINT (18.3619 -33.5819),9.0
ADHI_750,South Africa,-33.8086,18.9842,POINT (18.9842 -33.8086),8.0
ADHI_751,South Africa,-33.3139,19.0744,POINT (19.0744 -33.3139),8.0
ADHI_752,South Africa,-33.3522,19.1003,POINT (19.1003 -33.3522),8.0
ADHI_753,South Africa,-33.3794,19.1494,POINT (19.1494 -33.3794),8.0
ADHI_754,South Africa,-33.3881,19.1592,POINT (19.1592 -33.3881),8.0
ADHI_755,South Africa,-33.3906,19.1714,POINT (19.1714 -33.3906),8.0
ADHI_756,South Africa,-33.8275,19.0347,POINT (19.0347 -33.8275),8.0
ADHI_757,South Africa,-33.8264,19.0278,POINT (19.0278 -33.8264),8.0
ADHI_758,South Africa,-33.8219,19.0589,POINT (19.0589 -33.8219),8.0
ADHI_759,South Africa,-33.8153,19.0611,POINT (19.0611 -33.8153),8.0
ADHI_760,South Africa,-33.8225,19.0464,POINT (19.0464 -33.8225),8.0
ADHI_761,South Africa,-33.9125,18.9439,POINT (18.9439 -33.9125),8.0
ADHI_762,South Africa,-33.8906,19.0789,POINT (19.0789 -33.8906),8.0
ADHI_763,South Africa,-33.3806,19.3014,POINT (19.3014 -33.3806),8.0
ADHI_764,South Africa,-33.4217,19.2669,POINT (19.2669 -33.4217),8.0
ADHI_765,South Africa,-33.3594,19.2981,POINT (19.2981 -33.3594),8.0
ADHI_766,South Africa,-33.4617,19.6172,POINT (19.6172 -33.4617),7.0
ADHI_767,South Africa,-33.5683,19.1447,POINT (19.1447 -33.5683),8.0
ADHI_768,South Africa,-33.7567,19.3297,POINT (19.3297 -33.7567),8.0
ADHI_769,South Africa,-32.5028,19.535,POINT (19.535 -32.5028),7.0
ADHI_770,South Africa,-33.7639,19.8508,POINT (19.8508 -33.7639),5.0
ADHI_771,South Africa,-34.0103,19.8378,POINT (19.8378 -34.0103),5.0
ADHI_772,South Africa,-33.9542,19.5872,POINT (19.5872 -33.9542),7.0
ADHI_773,South Africa,-33.9833,19.3292,POINT (19.3292 -33.9833),8.0
ADHI_774,South Africa,-32.6017,18.7494,POINT (18.7494 -32.6017),9.0
ADHI_775,South Africa,-33.9647,19.2914,POINT (19.2914 -33.9647),8.0
ADHI_776,South Africa,-33.9386,19.1706,POINT (19.1706 -33.9386),8.0
ADHI_777,South Africa,-33.5622,19.51,POINT (19.51 -33.5622),7.0
ADHI_778,South Africa,-33.7089,20.0583,POINT (20.0583 -33.7089),7.0
ADHI_779,South Africa,-33.6964,19.9281,POINT (19.9281 -33.6964),7.0
ADHI_780,South Africa,-33.5964,19.7619,POINT (19.7619 -33.5964),7.0
ADHI_781,South Africa,-33.6386,19.8136,POINT (19.8136 -33.6386),5.0
ADHI_782,South Africa,-33.5719,20.7019,POINT (20.7019 -33.5719),7.0
ADHI_783,South Africa,-33.9453,22.6142,POINT (22.6142 -33.9453),15.0
ADHI_784,South Africa,-33.3542,19.7192,POINT (19.7192 -33.3542),7.0
ADHI_785,South Africa,-33.2881,19.7272,POINT (19.7272 -33.2881),7.0
ADHI_786,South Africa,-33.4894,21.4892,POINT (21.4892 -33.4894),5.0
ADHI_787,South Africa,-33.4894,21.4894,POINT (21.4894 -33.4894),5.0
ADHI_788,South Africa,-33.4919,21.5142,POINT (21.5142 -33.4919),5.0
ADHI_789,South Africa,-34.0308,21.5864,POINT (21.5864 -34.0308),7.0
ADHI_790,South Africa,-33.9875,21.7597,POINT (21.7597 -33.9875),7.0
ADHI_791,South Africa,-33.31,21.6342,POINT (21.6342 -33.31),5.0
ADHI_792,South Africa,-33.4769,23.0294,POINT (23.0294 -33.4769),15.0
ADHI_793,South Africa,-33.5453,22.9739,POINT (22.9739 -33.5453),15.0
ADHI_794,South Africa,-33.4756,22.5478,POINT (22.5478 -33.4756),7.0
ADHI_795,South Africa,-33.6792,22.14,POINT (22.14 -33.6792),7.0
ADHI_796,South Africa,-33.3681,22.1792,POINT (22.1792 -33.3681),5.0
ADHI_797,South Africa,-33.4675,22.0006,POINT (22.0006 -33.4675),5.0
ADHI_798,South Africa,-33.4608,21.9603,POINT (21.9603 -33.4608),5.0
ADHI_799,South Africa,-34.0067,22.3503,POINT (22.3503 -34.0067),15.0
ADHI_800,South Africa,-33.9508,22.4222,POINT (22.4222 -33.9508),15.0
ADHI_801,South Africa,-33.9353,22.1306,POINT (22.1306 -33.9353),7.0
ADHI_802,South Africa,-34.1031,22.0714,POINT (22.0714 -34.1031),7.0
ADHI_803,South Africa,-33.9708,22.5472,POINT (22.5472 -33.9708),15.0
ADHI_804,South Africa,-33.9125,22.7078,POINT (22.7078 -33.9125),15.0
ADHI_805,South Africa,-33.8806,22.8378,POINT (22.8378 -33.8806),15.0
ADHI_806,South Africa,-33.8908,23.0292,POINT (23.0292 -33.8908),15.0
ADHI_807,South Africa,-33.9911,23.0419,POINT (23.0419 -33.9911),15.0
ADHI_808,South Africa,-33.8033,23.1353,POINT (23.1353 -33.8033),15.0
ADHI_809,South Africa,-33.7378,23.3042,POINT (23.3042 -33.7378),15.0
ADHI_810,South Africa,-33.9556,23.6383,POINT (23.6383 -33.9556),15.0
ADHI_811,South Africa,-33.8656,23.8356,POINT (23.8356 -33.8656),15.0
ADHI_812,South Africa,-33.7308,24.6178,POINT (24.6178 -33.7308),15.0
ADHI_813,South Africa,-33.2036,24.2342,POINT (24.2342 -33.2036),5.0
ADHI_814,South Africa,-32.2378,23.0506,POINT (23.0506 -32.2378),5.0
ADHI_815,South Africa,-32.0689,23.0075,POINT (23.0075 -32.0689),5.0
ADHI_816,South Africa,-33.7972,25.3089,POINT (25.3089 -33.7972),7.0
ADHI_817,South Africa,-33.0003,25.1642,POINT (25.1642 -33.0003),6.0
ADHI_818,South Africa,-33.1075,25.2283,POINT (25.2283 -33.1075),6.0
ADHI_819,South Africa,-33.3292,26.0775,POINT (26.0775 -33.3292),6.0
ADHI_820,South Africa,-33.0981,26.4447,POINT (26.4447 -33.0981),15.0
ADHI_821,South Africa,-31.9031,25.4817,POINT (25.4817 -31.9031),5.0
ADHI_822,South Africa,-31.9042,25.4306,POINT (25.4306 -31.9042),5.0
ADHI_823,South Africa,-31.57,25.5439,POINT (25.5439 -31.57),7.0
ADHI_824,South Africa,-32.3856,25.5206,POINT (25.5206 -32.3856),7.0
ADHI_825,South Africa,-32.6058,25.8844,POINT (25.8844 -32.6058),14.0
ADHI_826,South Africa,-31.9683,26.0011,POINT (26.0011 -31.9683),7.0
ADHI_827,South Africa,-33.3553,26.8614,POINT (26.8614 -33.3553),15.0
ADHI_828,South Africa,-33.5067,26.7442,POINT (26.7442 -33.5067),15.0
ADHI_829,South Africa,-32.1808,26.8206,POINT (26.8206 -32.1808),15.0
ADHI_830,South Africa,-33.2378,26.9947,POINT (26.9947 -33.2378),15.0
ADHI_831,South Africa,-33.1853,27.3906,POINT (27.3906 -33.1853),15.0
ADHI_832,South Africa,-33.0117,26.9542,POINT (26.9542 -33.0117),15.0
ADHI_833,South Africa,-32.7517,27.0903,POINT (27.0903 -32.7517),15.0
ADHI_834,South Africa,-32.7517,27.0978,POINT (27.0978 -32.7517),15.0
ADHI_835,South Africa,-32.6375,27.1925,POINT (27.1925 -32.6375),15.0
ADHI_836,South Africa,-32.8583,27.3706,POINT (27.3706 -32.8583),15.0
ADHI_837,South Africa,-32.9153,27.3861,POINT (27.3861 -32.9153),15.0
ADHI_838,South Africa,-32.7869,27.2628,POINT (27.2628 -32.7869),15.0
ADHI_839,South Africa,-32.7678,27.3728,POINT (27.3728 -32.7678),15.0
ADHI_840,South Africa,-32.7594,26.8547,POINT (26.8547 -32.7594),15.0
ADHI_841,South Africa,-32.64,26.9358,POINT (26.9358 -32.64),15.0
ADHI_842,South Africa,-32.7019,26.5758,POINT (26.5758 -32.7019),15.0
ADHI_843,South Africa,-32.7133,26.2958,POINT (26.2958 -32.7133),7.0
ADHI_844,South Africa,-32.4992,26.365,POINT (26.365 -32.4992),7.0
ADHI_845,South Africa,-32.5536,26.6708,POINT (26.6708 -32.5536),15.0
ADHI_846,South Africa,-32.8753,27.3828,POINT (27.3828 -32.8753),15.0
ADHI_847,South Africa,-32.7317,27.2933,POINT (27.2933 -32.7317),15.0
ADHI_848,South Africa,-30.7342,29.8286,POINT (29.8286 -30.7342),15.0
ADHI_849,South Africa,-32.8017,27.8553,POINT (27.8553 -32.8017),15.0
ADHI_850,South Africa,-32.5756,27.6225,POINT (27.6225 -32.5756),15.0
ADHI_851,South Africa,-32.5792,27.3658,POINT (27.3658 -32.5792),15.0
ADHI_852,South Africa,-32.5161,27.5236,POINT (27.5236 -32.5161),15.0
ADHI_853,South Africa,-29.7769,29.4706,POINT (29.4706 -29.7769),12.0
ADHI_854,South Africa,-32.5164,28.0181,POINT (28.0181 -32.5164),15.0
ADHI_855,South Africa,-29.7472,29.5389,POINT (29.5389 -29.7472),12.0
ADHI_856,South Africa,-29.9881,29.8517,POINT (29.8517 -29.9881),15.0
ADHI_857,South Africa,-30.4036,29.8944,POINT (29.8944 -30.4036),15.0
ADHI_858,South Africa,-32.0503,26.7897,POINT (26.7897 -32.0503),15.0
ADHI_859,South Africa,-29.7436,29.9047,POINT (29.9047 -29.7436),12.0
ADHI_860,South Africa,-30.1689,30.6969,POINT (30.6969 -30.1689),14.0
ADHI_861,South Africa,-29.8622,30.2442,POINT (30.2442 -29.8622),15.0
ADHI_862,South Africa,-29.8425,30.2689,POINT (30.2689 -29.8425),15.0
ADHI_863,South Africa,-29.8461,30.2639,POINT (30.2639 -29.8461),15.0
ADHI_864,South Africa,-29.8472,30.2353,POINT (30.2353 -29.8472),15.0
ADHI_865,South Africa,-29.7489,30.3169,POINT (30.3169 -29.7489),15.0
ADHI_866,South Africa,-29.4425,30.1483,POINT (30.1483 -29.4425),12.0
ADHI_867,South Africa,-29.3817,30.2775,POINT (30.2775 -29.3817),12.0
ADHI_868,South Africa,-29.4231,30.4881,POINT (30.4881 -29.4231),12.0
ADHI_869,South Africa,-29.5125,30.0942,POINT (30.0942 -29.5125),12.0
ADHI_870,South Africa,-29.4872,30.2375,POINT (30.2375 -29.4872),12.0
ADHI_871,South Africa,-31.9228,26.7856,POINT (26.7856 -31.9228),7.0
ADHI_872,South Africa,-31.7442,26.5839,POINT (26.5839 -31.7442),7.0
ADHI_873,South Africa,-31.9203,28.4478,POINT (28.4478 -31.9203),7.0
ADHI_874,South Africa,-29.0714,30.2456,POINT (30.2456 -29.0714),12.0
ADHI_875,South Africa,-29.0331,30.36,POINT (30.36 -29.0331),12.0
ADHI_876,South Africa,-29.36,29.8808,POINT (29.8808 -29.36),12.0
ADHI_877,South Africa,-29.2661,29.8678,POINT (29.8678 -29.2661),12.0
ADHI_878,South Africa,-29.2383,29.7878,POINT (29.7878 -29.2383),12.0
ADHI_879,South Africa,-31.5842,28.7842,POINT (28.7842 -31.5842),15.0
ADHI_880,South Africa,-31.0717,28.3533,POINT (28.3533 -31.0717),12.0
ADHI_881,South Africa,-31.0317,28.8844,POINT (28.8844 -31.0317),15.0
ADHI_882,South Africa,-30.5706,29.15,POINT (29.15 -30.5706),12.0
ADHI_883,South Africa,-31.4958,29.5286,POINT (29.5286 -31.4958),14.0
ADHI_884,South Africa,-30.5683,29.4222,POINT (29.4222 -30.5683),12.0
ADHI_885,South Africa,-29.7151,30.8692,POINT (30.8692 -29.7151),14.0
ADHI_886,South Africa,-29.1617,30.6297,POINT (30.6297 -29.1617),12.0
ADHI_887,South Africa,-29.0089,30.7886,POINT (30.7886 -29.0089),11.0
ADHI_888,South Africa,-29.5336,31.0892,POINT (31.0892 -29.5336),14.0
ADHI_889,South Africa,-29.6031,31.0164,POINT (31.0164 -29.6031),14.0
ADHI_890,South Africa,-27.4358,29.9758,POINT (29.9758 -27.4358),12.0
ADHI_891,South Africa,-28.3097,30.1478,POINT (30.1478 -28.3097),12.0
ADHI_892,South Africa,-28.4047,30.0128,POINT (30.0128 -28.4047),12.0
ADHI_893,South Africa,-27.8497,29.8406,POINT (29.8406 -27.8497),12.0
ADHI_894,South Africa,-27.8967,29.9531,POINT (29.9531 -27.8967),12.0
ADHI_895,South Africa,-27.9231,29.9492,POINT (29.9492 -27.9231),12.0
ADHI_896,South Africa,-29.0667,29.7481,POINT (29.7481 -29.0667),12.0
ADHI_897,South Africa,-28.0592,30.3733,POINT (30.3733 -28.0592),12.0
ADHI_898,South Africa,-27.6025,29.9425,POINT (29.9425 -27.6025),12.0
ADHI_899,South Africa,-29.1403,31.3925,POINT (31.3925 -29.1403),14.0
ADHI_900,South Africa,-28.7358,29.8208,POINT (29.8208 -28.7358),12.0
ADHI_901,South Africa,-28.7217,29.3756,POINT (29.3756 -28.7217),12.0
ADHI_902,South Africa,-28.7378,29.3522,POINT (29.3522 -28.7378),12.0
ADHI_903,South Africa,-28.8181,29.545,POINT (29.545 -28.8181),12.0
ADHI_904,South Africa,-28.7239,29.3514,POINT (29.3514 -28.7239),12.0
ADHI_905,South Africa,-28.5081,29.3481,POINT (29.3481 -28.5081),12.0
ADHI_906,South Africa,-28.8922,29.7703,POINT (29.7703 -28.8922),12.0
ADHI_907,South Africa,-28.6731,29.0856,POINT (29.0856 -28.6731),12.0
ADHI_908,South Africa,-28.8125,29.3106,POINT (29.3106 -28.8125),12.0
ADHI_909,South Africa,-28.7961,29.3028,POINT (29.3028 -28.7961),12.0
ADHI_910,South Africa,-27.8975,30.8836,POINT (30.8836 -27.8975),11.0
ADHI_911,South Africa,-28.3092,31.9022,POINT (31.9022 -28.3092),14.0
ADHI_912,South Africa,-28.0694,31.5494,POINT (31.5494 -28.0694),11.0
ADHI_913,South Africa,-28.3314,32.3611,POINT (32.3611 -28.3314),14.0
ADHI_914,South Africa,-27.6603,32.4225,POINT (32.4225 -27.6603),14.0
ADHI_915,South Africa,-34.0028,20.6561,POINT (20.6561 -34.0028),14.0
ADHI_916,South Africa,-33.9106,20.7131,POINT (20.7131 -33.9106),14.0
ADHI_917,South Africa,-34.0203,20.5356,POINT (20.5356 -34.0203),14.0
ADHI_918,South Africa,-34.0925,21.2942,POINT (21.2942 -34.0925),7.0
ADHI_919,South Africa,-34.015,21.2892,POINT (21.2892 -34.015),7.0
ADHI_920,South Africa,-28.8728,31.4572,POINT (31.4572 -28.8728),14.0
ADHI_921,South Africa,-29.0103,31.4592,POINT (31.4592 -29.0103),14.0
ADHI_922,South Africa,-28.8728,31.4572,POINT (31.4572 -28.8728),14.0
ADHI_923,South Africa,-28.7481,31.7456,POINT (31.7456 -28.7481),14.0
ADHI_924,South Africa,-24.3311,30.7414,POINT (30.7414 -24.3311),11.0
ADHI_925,South Africa,-24.2681,29.8011,POINT (29.8011 -24.2681),12.0
ADHI_926,South Africa,-25.8092,29.3194,POINT (29.3194 -25.8092),12.0
ADHI_927,South Africa,-25.8189,29.3375,POINT (29.3375 -25.8189),12.0
ADHI_928,South Africa,-25.6469,28.3903,POINT (28.3903 -25.6469),11.0
ADHI_929,South Africa,-24.0092,30.6722,POINT (30.6722 -24.0092),11.0
ADHI_930,South Africa,-24.1226,30.3584,POINT (30.3584 -24.1226),11.0
ADHI_931,South Africa,-24.1239,30.3553,POINT (30.3553 -24.1239),11.0
ADHI_932,South Africa,-24.035,30.4333,POINT (30.4333 -24.035),11.0
ADHI_933,South Africa,-24.5561,31.0322,POINT (31.0322 -24.5561),11.0
ADHI_934,South Africa,-24.9119,30.1031,POINT (30.1031 -24.9119),12.0
ADHI_935,South Africa,-25.0358,30.2192,POINT (30.2192 -25.0358),11.0
ADHI_936,South Africa,-24.6869,30.8136,POINT (30.8136 -24.6869),11.0
ADHI_937,South Africa,-23.5267,31.4033,POINT (31.4033 -23.5267),11.0
ADHI_938,South Africa,-22.8378,31.2372,POINT (31.2372 -22.8378),6.0
ADHI_939,South Africa,-24.1594,27.4792,POINT (27.4792 -24.1594),6.0
ADHI_940,South Africa,-22.9078,30.5281,POINT (30.5281 -22.9078),11.0
ADHI_941,South Africa,-22.7708,30.5389,POINT (30.5389 -22.7708),6.0
ADHI_942,South Africa,-23.1122,30.3894,POINT (30.3894 -23.1122),11.0
ADHI_943,South Africa,-25.7769,27.7611,POINT (27.7611 -25.7769),11.0
ADHI_944,South Africa,-23.7636,27.9081,POINT (27.9081 -23.7636),6.0
ADHI_945,Botswana,-22.9508,27.9736,POINT (27.9736 -22.9508),6.0
ADHI_946,South Africa,-25.9914,27.8419,POINT (27.8419 -25.9914),12.0
ADHI_947,South Africa,-25.8092,27.4758,POINT (27.4758 -25.8092),11.0
ADHI_948,South Africa,-25.72,27.1856,POINT (27.1856 -25.72),11.0
ADHI_949,South Africa,-25.6372,27.0269,POINT (27.0269 -25.6372),11.0
ADHI_950,South Africa,-23.0674,29.5789,POINT (29.5789 -23.0674),6.0
ADHI_951,South Africa,-22.2244,29.9869,POINT (29.9869 -22.2244),6.0
ADHI_952,South Africa,-22.2261,29.9903,POINT (29.9903 -22.2261),6.0
ADHI_953,South Africa,-24.5786,28.6394,POINT (28.6394 -24.5786),6.0
ADHI_954,South Africa,-24.6653,28.475,POINT (28.475 -24.6653),6.0
ADHI_955,South Africa,-24.7714,28.3481,POINT (28.3481 -24.7714),6.0
ADHI_956,South Africa,-24.6631,28.4547,POINT (28.4547 -24.6631),6.0
ADHI_957,South Africa,-24.6714,28.5603,POINT (28.5603 -24.6714),6.0
ADHI_958,South Africa,-24.6333,28.5964,POINT (28.5964 -24.6333),6.0
ADHI_959,South Africa,-24.602,28.6075,POINT (28.6075 -24.602),6.0
ADHI_960,South Africa,-23.9817,28.3994,POINT (28.3994 -23.9817),4.0
ADHI_961,South Africa,-26.0064,29.2539,POINT (29.2539 -26.0064),12.0
ADHI_962,South Africa,-24.68,30.8019,POINT (30.8019 -24.68),11.0
ADHI_963,South Africa,-25.6822,31.7817,POINT (31.7817 -25.6822),11.0
ADHI_964,South Africa,-25.8389,30.6842,POINT (30.6842 -25.8389),11.0
ADHI_965,South Africa,-24.4494,31.9767,POINT (31.9767 -24.4494),14.0
ADHI_966,South Africa,-26.0361,30.9975,POINT (30.9975 -26.0361),11.0
ADHI_967,South Africa,-25.6736,31.5753,POINT (31.5753 -25.6736),11.0
ADHI_968,South Africa,-25.3636,31.9556,POINT (31.9556 -25.3636),6.0
ADHI_969,South Africa,-25.4697,31.0881,POINT (31.0881 -25.4697),11.0
ADHI_970,South Africa,-25.4486,30.7117,POINT (30.7117 -25.4486),11.0
ADHI_971,South Africa,-25.2783,31.6225,POINT (31.6225 -25.2783),6.0
ADHI_972,South Africa,-25.4325,30.9656,POINT (30.9656 -25.4325),11.0
ADHI_973,South Africa,-25.3822,30.7014,POINT (30.7014 -25.3822),11.0
ADHI_974,South Africa,-25.4903,30.6983,POINT (30.6983 -25.4903),11.0
ADHI_975,South Africa,-25.6464,30.2775,POINT (30.2775 -25.6464),12.0
ADHI_976,South Africa,-25.6583,30.2603,POINT (30.2603 -25.6583),12.0
ADHI_977,South Africa,-25.7117,30.835,POINT (30.835 -25.7117),11.0
ADHI_978,South Africa,-25.2892,30.5678,POINT (30.5678 -25.2892),11.0
ADHI_979,South Africa,-25.2875,30.5708,POINT (30.5708 -25.2875),11.0
ADHI_980,South Africa,-25.2975,30.5956,POINT (30.5956 -25.2975),11.0
ADHI_981,South Africa,-25.2956,30.5669,POINT (30.5669 -25.2956),11.0
ADHI_982,South Africa,-25.6108,30.8747,POINT (30.8747 -25.6108),11.0
ADHI_983,South Africa,-25.73,30.9783,POINT (30.9783 -25.73),11.0
ADHI_984,South Africa,-25.7164,30.7875,POINT (30.7875 -25.7164),11.0
ADHI_985,South Africa,-25.7858,30.9242,POINT (30.9242 -25.7858),11.0
ADHI_986,South Africa,-25.0306,31.1264,POINT (31.1264 -25.0306),11.0
ADHI_987,South Africa,-25.0889,30.7778,POINT (30.7778 -25.0889),11.0
ADHI_988,South Africa,-25.0917,30.7781,POINT (30.7781 -25.0917),11.0
ADHI_989,South Africa,-25.0761,31.1303,POINT (31.1303 -25.0761),11.0
ADHI_990,South Africa,-24.9931,30.8142,POINT (30.8142 -24.9931),11.0
ADHI_991,South Africa,-26.2797,30.5942,POINT (30.5942 -26.2797),12.0
ADHI_992,South Africa,-26.2606,30.5497,POINT (30.5497 -26.2606),12.0
ADHI_993,South Africa,-27.5281,30.8539,POINT (30.8539 -27.5281),12.0
ADHI_994,South Africa,-27.3947,31.6425,POINT (31.6425 -27.3947),6.0
ADHI_995,South Africa,-26.5044,30.6281,POINT (30.6281 -26.5044),12.0
ADHI_996,South Africa,-26.4833,30.6339,POINT (30.6339 -26.4833),12.0
ADHI_997,South Africa,-26.7503,30.4664,POINT (30.4664 -26.7503),12.0
ADHI_998,South Africa,-27.1144,30.8314,POINT (30.8314 -27.1144),12.0
ADHI_999,Niger,14.62,0.3,POINT (0.3 14.62),4.0
ADHI_1000,Niger,14.02,0.75,POINT (0.75 14.02),6.0
ADHI_1001,Niger,13.7333,1.6167,POINT (1.6167 13.7333),6.0
ADHI_1002,Niger,12.96,2.32,POINT (2.32 12.96),6.0
ADHI_1003,Niger,12.74,2.24,POINT (2.24 12.74),6.0
ADHI_1004,Niger,12.47,2.42,POINT (2.42 12.47),6.0
ADHI_1005,Niger,13.88,5.33,POINT (5.33 13.88),6.0
ADHI_1006,Niger,14.5,5.37,POINT (5.37 14.5),6.0
ADHI_1007,Niger,13.15,7.22,POINT (7.22 13.15),6.0
ADHI_1008,United Republic of Tanzania,-7.4667,30.7389,POINT (30.7389 -7.4667),12.0
ADHI_1009,Angola,-17.4,14.2,POINT (14.2 -17.4),6.0
ADHI_1010,Namibia,-17.266,13.313,POINT (13.313 -17.266),4.0
ADHI_1011,Namibia,-17.9,19.75,POINT (19.75 -17.9),6.0
ADHI_1012,Namibia,-18.033,21.417,POINT (21.417 -18.033),6.0
ADHI_1013,Namibia,-21.217,17.1,POINT (17.1 -21.217),6.0
ADHI_1014,Namibia,-19.174,13.571,POINT (13.571 -19.174),4.0
ADHI_1015,Namibia,-20.477,14.588,POINT (14.588 -20.477),4.0
ADHI_1016,Namibia,-20.4,15.467,POINT (15.467 -20.4),4.0
ADHI_1017,Namibia,-21.067,13.8,POINT (13.8 -21.067),4.0
ADHI_1018,Namibia,-20.2,16.133,POINT (16.133 -20.2),6.0
ADHI_1019,Namibia,-21.433,15.667,POINT (15.667 -21.433),4.0
ADHI_1020,Namibia,-21.3,16.2,POINT (16.2 -21.3),6.0
ADHI_1021,Namibia,-21.817,15.617,POINT (15.617 -21.817),4.0
ADHI_1022,Namibia,-21.867,15.567,POINT (15.567 -21.867),4.0
ADHI_1023,Namibia,-22.267,16.417,POINT (16.417 -22.267),4.0
ADHI_1024,Namibia,-23.5,14.967,POINT (14.967 -23.5),4.0
ADHI_1025,Namibia,-23.267,15.8,POINT (15.8 -23.267),4.0
ADHI_1026,Namibia,-22.717,16.6,POINT (16.6 -22.717),6.0
ADHI_1027,Namibia,-23.167,14.65,POINT (14.65 -23.167),4.0
ADHI_1028,Namibia,-23.217,16.167,POINT (16.167 -23.217),4.0
ADHI_1029,Namibia,-22.917,15.917,POINT (15.917 -22.917),4.0
ADHI_1030,Namibia,-22.867,16.567,POINT (16.567 -22.867),6.0
ADHI_1031,Namibia,-22.8,16.517,POINT (16.517 -22.8),6.0
ADHI_1032,Namibia,-22.967,16.383,POINT (16.383 -22.967),4.0
ADHI_1033,Namibia,-23.467,15.767,POINT (15.767 -23.467),4.0
ADHI_1034,Namibia,-22.517,17.067,POINT (17.067 -22.517),6.0
ADHI_1035,Namibia,-22.617,16.633,POINT (16.633 -22.617),6.0
ADHI_1036,Namibia,-24.183,17.017,POINT (17.017 -24.183),4.0
ADHI_1037,Namibia,-24.35,17.567,POINT (17.567 -24.35),4.0
ADHI_1038,Namibia,-25.117,17.517,POINT (17.517 -25.117),4.0
ADHI_1039,Namibia,-27.433,17.967,POINT (17.967 -27.433),4.0
ADHI_1040,Namibia,-27.917,17.5,POINT (17.5 -27.917),4.0
ADHI_1041,Namibia,-26.8,17.783,POINT (17.783 -26.8),4.0
ADHI_1042,Namibia,-25.9,17.967,POINT (17.967 -25.9),4.0
ADHI_1043,Namibia,-24.167,17.35,POINT (17.35 -24.167),4.0
ADHI_1044,Namibia,-24.267,17.067,POINT (17.067 -24.267),4.0
ADHI_1045,Namibia,-26.8,18.217,POINT (18.217 -26.8),4.0
ADHI_1046,Namibia,-26.867,18.1,POINT (18.1 -26.867),4.0
ADHI_1047,Namibia,-26.767,18.467,POINT (18.467 -26.767),4.0
ADHI_1048,Lesotho,-30.3633,27.575,POINT (27.575 -30.3633),15.0
ADHI_1049,Lesotho,-30.0633,28.5083,POINT (28.5083 -30.0633),12.0
ADHI_1050,Lesotho,-29.59,28.7133,POINT (28.7133 -29.59),7.0
ADHI_1051,Lesotho,-30.0167,28.7233,POINT (28.7233 -30.0167),12.0
ADHI_1052,Lesotho,-30.4,27.6967,POINT (27.6967 -30.4),15.0
ADHI_1053,Namibia,-24.817,17.167,POINT (17.167 -24.817),4.0
ADHI_1054,Lesotho,-29.5267,27.495,POINT (27.495 -29.5267),15.0
ADHI_1055,Lesotho,-28.7517,28.265,POINT (28.265 -28.7517),11.0
ADHI_1056,Lesotho,-29.3983,27.5617,POINT (27.5617 -29.3983),14.0
ADHI_1057,Lesotho,-29.1167,28.0,POINT (28 -29.1167),11.0
ADHI_1058,Namibia,-23.8,16.6,POINT (16.6 -23.8),4.0
ADHI_1059,Namibia,-24.517,15.767,POINT (15.767 -24.517),4.0
ADHI_1060,Lesotho,-29.4333,27.9,POINT (27.9 -29.4333),15.0
ADHI_1061,Lesotho,-29.8217,28.035,POINT (28.035 -29.8217),15.0
ADHI_1062,Lesotho,-29.4833,28.6567,POINT (28.6567 -29.4833),7.0
ADHI_1063,Lesotho,-28.7667,28.62,POINT (28.62 -28.7667),12.0
ADHI_1064,Namibia,-25.017,18.883,POINT (18.883 -25.017),4.0
ADHI_1065,Lesotho,-29.56,28.09,POINT (28.09 -29.56),15.0
ADHI_1066,Namibia,-26.433,17.117,POINT (17.117 -26.433),4.0
ADHI_1067,Namibia,-23.067,18.633,POINT (18.633 -23.067),4.0
ADHI_1068,Namibia,-23.117,18.683,POINT (18.683 -23.117),4.0
ADHI_1069,Namibia,-22.133,18.817,POINT (18.817 -22.133),6.0
ADHI_1070,Namibia,-28.133,19.25,POINT (19.25 -28.133),4.0
ADHI_1071,Lesotho,-28.725,28.62,POINT (28.62 -28.725),12.0
ADHI_1072,Lesotho,-28.8333,28.72,POINT (28.72 -28.8333),12.0
ADHI_1073,Lesotho,-29.2817,28.5667,POINT (28.5667 -29.2817),7.0
ADHI_1074,Lesotho,-29.2833,28.9833,POINT (28.9833 -29.2833),7.0
ADHI_1075,Lesotho,-29.2383,28.885,POINT (28.885 -29.2383),7.0
ADHI_1076,United Republic of Tanzania,-8.85,34.1833,POINT (34.1833 -8.85),3.0
ADHI_1077,United Republic of Tanzania,-8.7833,34.3667,POINT (34.3667 -8.7833),3.0
ADHI_1078,United Republic of Tanzania,-8.85,34.5667,POINT (34.5667 -8.85),3.0
ADHI_1079,United Republic of Tanzania,-8.8583,34.5583,POINT (34.5583 -8.8583),3.0
ADHI_1080,United Republic of Tanzania,-7.8833,35.8,POINT (35.8 -7.8833),3.0
ADHI_1081,United Republic of Tanzania,-7.7833,35.7167,POINT (35.7167 -7.7833),6.0
ADHI_1082,United Republic of Tanzania,-8.05,35.6833,POINT (35.6833 -8.05),3.0
ADHI_1083,United Republic of Tanzania,-8.3333,35.3333,POINT (35.3333 -8.3333),3.0
ADHI_1084,United Republic of Tanzania,-8.0167,35.7833,POINT (35.7833 -8.0167),3.0
ADHI_1085,United Republic of Tanzania,-6.9,37.7833,POINT (37.7833 -6.9),3.0
ADHI_1086,United Republic of Tanzania,-7.2333,37.9,POINT (37.9 -7.2333),3.0
ADHI_1087,United Republic of Tanzania,-6.8653,37.6717,POINT (37.6717 -6.8653),3.0
ADHI_1088,United Republic of Tanzania,-8.3333,36.1167,POINT (36.1167 -8.3333),3.0
ADHI_1089,United Republic of Tanzania,-7.5667,36.4333,POINT (36.4333 -7.5667),3.0
ADHI_1090,United Republic of Tanzania,-6.3,35.0833,POINT (35.0833 -6.3),6.0
ADHI_1091,United Republic of Tanzania,-7.8,36.9667,POINT (36.9667 -7.8),3.0
ADHI_1092,United Republic of Tanzania,-7.92,36.98,POINT (36.98 -7.92),3.0
ADHI_1093,United Republic of Tanzania,-8.9,37.1167,POINT (37.1167 -8.9),3.0
ADHI_1094,United Republic of Tanzania,-7.6033,36.9111,POINT (36.9111 -7.6033),3.0
ADHI_1095,United Republic of Tanzania,-7.5667,38.7833,POINT (38.7833 -7.5667),3.0
ADHI_1096,United Republic of Tanzania,-8.5583,34.85,POINT (34.85 -8.5583),3.0
ADHI_1097,United Republic of Tanzania,-8.2,37.0,POINT (37 -8.2),3.0
ADHI_1098,United Republic of Tanzania,-8.9378,35.8128,POINT (35.8128 -8.9378),3.0
ADHI_1099,United Republic of Tanzania,-9.3958,34.8167,POINT (34.8167 -9.3958),3.0
ADHI_1100,United Republic of Tanzania,-7.8,37.92,POINT (37.92 -7.8),3.0
ADHI_1101,United Republic of Tanzania,-7.82,37.87,POINT (37.87 -7.82),3.0
ADHI_1102,United Republic of Tanzania,-3.5667,33.9667,POINT (33.9667 -3.5667),3.0
ADHI_1103,United Republic of Tanzania,-5.4667,34.95,POINT (34.95 -5.4667),6.0
ADHI_1104,United Republic of Tanzania,-4.6333,35.6833,POINT (35.6833 -4.6333),6.0
ADHI_1105,United Republic of Tanzania,-11.2167,35.2944,POINT (35.2944 -11.2167),11.0
ADHI_1106,United Republic of Tanzania,-11.075,38.8722,POINT (38.8722 -11.075),3.0
ADHI_1107,United Republic of Tanzania,-5.0139,38.7997,POINT (38.7997 -5.0139),1.0
ADHI_1108,United Republic of Tanzania,-10.3333,39.2528,POINT (39.2528 -10.3333),3.0
ADHI_1109,United Republic of Tanzania,-10.28,39.4253,POINT (39.4253 -10.28),3.0
ADHI_1110,United Republic of Tanzania,-5.17,38.47,POINT (38.47 -5.17),3.0
ADHI_1111,United Republic of Tanzania,-5.1333,38.575,POINT (38.575 -5.1333),1.0
ADHI_1112,United Republic of Tanzania,-4.8722,38.5667,POINT (38.5667 -4.8722),1.0
ADHI_1113,United Republic of Tanzania,-4.7292,38.2861,POINT (38.2861 -4.7292),3.0
ADHI_1114,United Republic of Tanzania,-4.4639,38.0611,POINT (38.0611 -4.4639),4.0
ADHI_1115,United Republic of Tanzania,-4.2347,37.9736,POINT (37.9736 -4.2347),4.0
ADHI_1116,United Republic of Tanzania,-3.5,37.5333,POINT (37.5333 -3.5),4.0
ADHI_1117,United Republic of Tanzania,-6.6167,37.1833,POINT (37.1833 -6.6167),3.0
ADHI_1118,United Republic of Tanzania,-6.8311,36.9333,POINT (36.9333 -6.8311),3.0
ADHI_1119,United Republic of Tanzania,-6.5958,36.7833,POINT (36.7833 -6.5958),3.0
ADHI_1120,United Republic of Tanzania,-5.8,37.8,POINT (37.8 -5.8),6.0
ADHI_1121,United Republic of Tanzania,-5.6667,38.4375,POINT (38.4375 -5.6667),6.0
ADHI_1122,United Republic of Tanzania,-7.0167,37.8,POINT (37.8 -7.0167),3.0
ADHI_1123,United Republic of Tanzania,-6.9167,39.25,POINT (39.25 -6.9167),3.0
ADHI_1124,United Republic of Tanzania,-6.6889,38.6986,POINT (38.6986 -6.6889),3.0
ADHI_1125,United Republic of Tanzania,-7.3,38.1667,POINT (38.1667 -7.3),3.0
ADHI_1126,United Republic of Tanzania,-7.0372,37.5667,POINT (37.5667 -7.0372),3.0
ADHI_1127,United Republic of Tanzania,-6.7,37.9167,POINT (37.9167 -6.7),3.0
ADHI_1128,United Republic of Tanzania,-8.2833,32.2111,POINT (32.2111 -8.2833),6.0
ADHI_1129,United Republic of Tanzania,-9.2333,32.8333,POINT (32.8333 -9.2333),11.0
ADHI_1130,United Republic of Tanzania,-8.9833,33.0667,POINT (33.0667 -8.9833),3.0
ADHI_1131,United Republic of Tanzania,-8.7833,33.7917,POINT (33.7917 -8.7833),3.0
ADHI_1132,United Republic of Tanzania,-8.8167,33.6667,POINT (33.6667 -8.8167),3.0
ADHI_1133,Zambia,-17.467,24.3,POINT (24.3 -17.467),6.0
ADHI_1134,Namibia,-17.683,23.267,POINT (23.267 -17.683),6.0
ADHI_1135,United Republic of Tanzania,-9.1667,33.5333,POINT (33.5333 -9.1667),2.0
ADHI_1136,United Republic of Tanzania,-9.2667,33.55,POINT (33.55 -9.2667),2.0
ADHI_1137,United Republic of Tanzania,-9.55,33.8833,POINT (33.8833 -9.55),11.0
ADHI_1138,United Republic of Tanzania,-9.4167,33.1872,POINT (33.1872 -9.4167),11.0
ADHI_1139,United Republic of Tanzania,-9.3472,34.0333,POINT (34.0333 -9.3472),3.0
ADHI_1140,United Republic of Tanzania,-8.9167,33.9667,POINT (33.9667 -8.9167),3.0
ADHI_1141,United Republic of Tanzania,-9.9417,35.1917,POINT (35.1917 -9.9417),11.0
ADHI_1142,United Republic of Tanzania,-10.525,34.9667,POINT (34.9667 -10.525),11.0
ADHI_1143,United Republic of Tanzania,-10.5583,35.0167,POINT (35.0167 -10.5583),11.0
ADHI_1144,Morocco,35.52,-5.3,POINT (-5.3 35.52),8.0
ADHI_1145,Morocco,32.97,-4.9,POINT (-4.9 32.97),5.0
ADHI_1146,Morocco,32.75,-4.9,POINT (-4.9 32.75),4.0
ADHI_1147,Morocco,31.08,-8.1,POINT (-8.1 31.08),4.0
ADHI_1148,Morocco,33.21,-6.23,POINT (-6.23 33.21),8.0
ADHI_1149,Morocco,32.44,-5.63,POINT (-5.63 32.44),6.0
ADHI_1150,Morocco,33.33,-6.03,POINT (-6.03 33.33),8.0
ADHI_1151,Morocco,33.0,-5.67,POINT (-5.67 33),7.0
ADHI_1152,Morocco,35.52,-5.84,POINT (-5.84 35.52),8.0
ADHI_1153,Morocco,35.61,-5.73,POINT (-5.73 35.61),8.0
ADHI_1154,Morocco,34.59,-5.25,POINT (-5.25 34.59),8.0
ADHI_1155,Morocco,33.67,-4.5,POINT (-4.5 33.67),5.0
ADHI_1156,Morocco,34.6,-4.55,POINT (-4.55 34.6),8.0
ADHI_1157,Morocco,31.41,-5.47,POINT (-5.47 31.41),6.0
ADHI_1158,Morocco,32.23,-4.52,POINT (-4.52 32.23),4.0
ADHI_1159,Morocco,32.0,-3.75,POINT (-3.75 32),4.0
ADHI_1160,Botswana,-18.2833,21.8,POINT (21.8 -18.2833),6.0
ADHI_1161,Botswana,-20.0167,23.3833,POINT (23.3833 -20.0167),6.0
ADHI_1162,Botswana,-20.1167,23.5167,POINT (23.5167 -20.1167),6.0
ADHI_1163,Botswana,-20.1333,23.35,POINT (23.35 -20.1333),6.0
ADHI_1164,Botswana,-20.35,23.4333,POINT (23.4333 -20.35),6.0
ADHI_1165,Botswana,-19.9167,23.4,POINT (23.4 -19.9167),6.0
ADHI_1166,Botswana,-20.2333,26.1667,POINT (26.1667 -20.2333),6.0
ADHI_1167,Botswana,-21.0,26.75,POINT (26.75 -21),6.0
ADHI_1168,Botswana,-21.0,26.75,POINT (26.75 -21),6.0
ADHI_1169,Botswana,-21.15,27.35,POINT (27.35 -21.15),6.0
ADHI_1170,Botswana,-21.0833,27.5,POINT (27.5 -21.0833),6.0
ADHI_1171,Botswana,-21.8833,28.0167,POINT (28.0167 -21.8833),6.0
ADHI_1172,Botswana,-22.5667,27.65,POINT (27.65 -22.5667),6.0
ADHI_1173,Botswana,-22.5667,27.65,POINT (27.65 -22.5667),6.0
ADHI_1174,Botswana,-22.5667,27.65,POINT (27.65 -22.5667),6.0
ADHI_1175,Botswana,-23.05,26.8167,POINT (26.8167 -23.05),6.0
ADHI_1176,South Africa,-24.95,26.0667,POINT (26.0667 -24.95),6.0
ADHI_1177,Liberia,4.38,-7.59,POINT (-7.59 4.38),
ADHI_1178,Cote d'Ivoire,9.44,-7.45,POINT (-7.45 9.44),3.0
ADHI_1179,Cote d'Ivoire,9.09,-6.91,POINT (-6.91 9.09),3.0
ADHI_1180,Cote d'Ivoire,9.56,-6.67,POINT (-6.67 9.56),3.0
ADHI_1181,Cote d'Ivoire,9.51,-6.36,POINT (-6.36 9.51),3.0
ADHI_1182,Cote d'Ivoire,9.65,-6.37,POINT (-6.37 9.65),3.0
ADHI_1183,Cote d'Ivoire,10.63,-6.22,POINT (-6.22 10.63),3.0
ADHI_1184,Zimbabwe,-20.25,28.05,POINT (28.05 -20.25),6.0
ADHI_1185,Zimbabwe,-18.3833,26.3167,POINT (26.3167 -18.3833),6.0
ADHI_1186,Zimbabwe,-18.4,26.7667,POINT (26.7667 -18.4),6.0
ADHI_1187,Zimbabwe,-18.4,26.6,POINT (26.6 -18.4),6.0
ADHI_1188,Zimbabwe,-18.6,27.1667,POINT (27.1667 -18.6),6.0
ADHI_1189,Zimbabwe,-18.5667,27.55,POINT (27.55 -18.5667),6.0
ADHI_1190,Zimbabwe,-18.6667,27.5667,POINT (27.5667 -18.6667),6.0
ADHI_1191,Zimbabwe,-18.95,27.7667,POINT (27.7667 -18.95),6.0
ADHI_1192,Zimbabwe,-20.0833,28.5333,POINT (28.5333 -20.0833),6.0
ADHI_1193,Zimbabwe,-19.75,29.4167,POINT (29.4167 -19.75),12.0
ADHI_1194,Zimbabwe,-19.65,29.3667,POINT (29.3667 -19.65),12.0
ADHI_1195,Zimbabwe,-19.6167,29.4,POINT (29.4 -19.6167),12.0
ADHI_1196,Zimbabwe,-18.7167,28.8,POINT (28.8 -18.7167),12.0
ADHI_1197,Zimbabwe,-19.0667,30.35,POINT (30.35 -19.0667),12.0
ADHI_1198,Zimbabwe,-19.05,30.2833,POINT (30.2833 -19.05),12.0
ADHI_1199,Zimbabwe,-19.0333,30.3333,POINT (30.3333 -19.0333),12.0
ADHI_1200,Zimbabwe,-19.0,30.35,POINT (30.35 -19),12.0
ADHI_1201,Zimbabwe,-18.45,29.9833,POINT (29.9833 -18.45),12.0
ADHI_1202,Zimbabwe,-18.1167,30.2167,POINT (30.2167 -18.1167),12.0
ADHI_1203,Zimbabwe,-18.25,30.7667,POINT (30.7667 -18.25),12.0
ADHI_1204,Zimbabwe,-17.5,29.4,POINT (29.4 -17.5),11.0
ADHI_1205,Zimbabwe,-18.85,29.8167,POINT (29.8167 -18.85),12.0
ADHI_1206,Zimbabwe,-18.8167,30.3167,POINT (30.3167 -18.8167),12.0
ADHI_1207,Zimbabwe,-18.6667,30.5167,POINT (30.5167 -18.6667),12.0
ADHI_1208,Zimbabwe,-17.6167,30.6167,POINT (30.6167 -17.6167),12.0
ADHI_1209,Zimbabwe,-18.0667,31.0667,POINT (31.0667 -18.0667),12.0
ADHI_1210,Zimbabwe,-17.5833,32.0333,POINT (32.0333 -17.5833),11.0
ADHI_1211,Zimbabwe,-17.85,31.15,POINT (31.15 -17.85),12.0
ADHI_1212,Zimbabwe,-17.85,31.15,POINT (31.15 -17.85),12.0
ADHI_1213,Zimbabwe,-18.0,31.15,POINT (31.15 -18),12.0
ADHI_1214,Zimbabwe,-18.0167,32.15,POINT (32.15 -18.0167),11.0
ADHI_1215,Zimbabwe,-18.2,32.2,POINT (32.2 -18.2),11.0
ADHI_1216,Zimbabwe,-18.2167,32.2167,POINT (32.2167 -18.2167),11.0
ADHI_1217,Zimbabwe,-17.6333,31.6,POINT (31.6 -17.6333),11.0
ADHI_1218,Zimbabwe,-17.1667,31.5,POINT (31.5 -17.1667),11.0
ADHI_1219,Zimbabwe,-17.25,30.95,POINT (30.95 -17.25),11.0
ADHI_1220,Zimbabwe,-17.1667,30.9833,POINT (30.9833 -17.1667),11.0
ADHI_1221,Zimbabwe,-17.2167,30.9833,POINT (30.9833 -17.2167),11.0
ADHI_1222,Zimbabwe,-18.1833,32.8167,POINT (32.8167 -18.1833),11.0
ADHI_1223,Zimbabwe,-17.3667,31.4333,POINT (31.4333 -17.3667),11.0
ADHI_1224,Zimbabwe,-19.85,32.8,POINT (32.8 -19.85),12.0
ADHI_1225,Zimbabwe,-19.8333,32.7833,POINT (32.7833 -19.8333),12.0
ADHI_1226,Zimbabwe,-19.7667,32.6667,POINT (32.6667 -19.7667),12.0
ADHI_1227,Zimbabwe,-18.6667,32.85,POINT (32.85 -18.6667),11.0
ADHI_1228,Zimbabwe,-20.2667,32.8333,POINT (32.8333 -20.2667),12.0
ADHI_1229,Zimbabwe,-20.2667,32.6667,POINT (32.6667 -20.2667),12.0
ADHI_1230,Zimbabwe,-20.2167,32.6,POINT (32.6 -20.2167),12.0
ADHI_1231,Zimbabwe,-18.4,32.7833,POINT (32.7833 -18.4),11.0
ADHI_1232,Zimbabwe,-21.1833,32.2833,POINT (32.2833 -21.1833),4.0
ADHI_1233,Zimbabwe,-20.6167,30.45,POINT (30.45 -20.6167),11.0
ADHI_1234,Zimbabwe,-19.8833,29.95,POINT (29.95 -19.8833),12.0
ADHI_1235,Zimbabwe,-19.7833,29.9167,POINT (29.9167 -19.7833),12.0
ADHI_1236,Zimbabwe,-20.1167,30.8667,POINT (30.8667 -20.1167),6.0
ADHI_1237,Zimbabwe,-19.8167,30.7333,POINT (30.7333 -19.8167),12.0
ADHI_1238,Zimbabwe,-20.1,30.9,POINT (30.9 -20.1),6.0
ADHI_1239,Zimbabwe,-20.1,31.0833,POINT (31.0833 -20.1),12.0
ADHI_1240,Zimbabwe,-20.1167,31.0167,POINT (31.0167 -20.1167),12.0
ADHI_1241,Zimbabwe,-20.0833,31.0667,POINT (31.0667 -20.0833),12.0
ADHI_1242,Zimbabwe,-20.4833,31.5333,POINT (31.5333 -20.4833),6.0
ADHI_1243,Zimbabwe,-20.1667,31.6,POINT (31.6 -20.1667),12.0
ADHI_1244,Zimbabwe,-20.5667,30.2833,POINT (30.2833 -20.5667),11.0
ADHI_1245,Zimbabwe,-20.3667,29.9,POINT (29.9 -20.3667),11.0
ADHI_1246,Zimbabwe,-19.2167,32.0167,POINT (32.0167 -19.2167),12.0
ADHI_1247,Zimbabwe,-18.9167,31.95,POINT (31.95 -18.9167),12.0
ADHI_1248,Zimbabwe,-18.9167,32.4167,POINT (32.4167 -18.9167),12.0
ADHI_1249,Zimbabwe,-19.7667,32.4,POINT (32.4 -19.7667),12.0
ADHI_1250,Zimbabwe,-18.8833,32.4333,POINT (32.4333 -18.8833),12.0
ADHI_1251,Zimbabwe,-20.9667,28.35,POINT (28.35 -20.9667),6.0
ADHI_1252,Zimbabwe,-20.5667,28.3833,POINT (28.3833 -20.5667),6.0
ADHI_1253,Zimbabwe,-20.5333,28.35,POINT (28.35 -20.5333),6.0
ADHI_1254,Zimbabwe,-20.9,28.7833,POINT (28.7833 -20.9),6.0
ADHI_1255,Zimbabwe,-21.0833,28.8333,POINT (28.8333 -21.0833),6.0
ADHI_1256,Zimbabwe,-20.9833,28.45,POINT (28.45 -20.9833),6.0
ADHI_1257,Zimbabwe,-20.75,28.9333,POINT (28.9333 -20.75),6.0
ADHI_1258,Zimbabwe,-21.4167,29.4,POINT (29.4 -21.4167),6.0
ADHI_1259,Zimbabwe,-19.95,29.2,POINT (29.2 -19.95),6.0
ADHI_1260,Zimbabwe,-19.9833,29.1667,POINT (29.1667 -19.9833),6.0
ADHI_1261,Zimbabwe,-20.7833,29.3667,POINT (29.3667 -20.7833),6.0
ADHI_1262,Zimbabwe,-20.6,29.4167,POINT (29.4167 -20.6),6.0
ADHI_1263,Zimbabwe,-20.8333,29.9333,POINT (29.9333 -20.8333),11.0
ADHI_1264,Zimbabwe,-20.6,29.6,POINT (29.6 -20.6),6.0
ADHI_1265,South Africa,-22.2167,29.9833,POINT (29.9833 -22.2167),6.0
ADHI_1266,Ghana,5.45,-2.1167,POINT (-2.1167 5.45),2.0
ADHI_1267,Ghana,5.1667,-1.6333,POINT (-1.6333 5.1667),3.0
ADHI_1268,Ghana,5.3833,-0.6,POINT (-0.6 5.3833),3.0
ADHI_1269,Ghana,7.9833,-0.8833,POINT (-0.8833 7.9833),3.0
ADHI_1270,Ghana,9.7,-1.08,POINT (-1.08 9.7),3.0
ADHI_1271,Ghana,8.47,-0.22,POINT (-0.22 8.47),3.0
ADHI_1272,Ghana,9.28,0.23,POINT (0.23 9.28),3.0
ADHI_1273,Chad,9.69,15.5,POINT (15.5 9.69),3.0
ADHI_1274,Chad,9.28,15.5,POINT (15.5 9.28),3.0
ADHI_1275,Zambia,-9.93,32.13,POINT (32.13 -9.93),11.0
ADHI_1276,Zambia,-8.9,29.9666,POINT (29.9666 -8.9),12.0
ADHI_1277,Zambia,-10.7166,29.0833,POINT (29.0833 -10.7166),11.0
ADHI_1278,Zambia,-9.8666,29.55,POINT (29.55 -9.8666),11.0
ADHI_1279,Zambia,-10.1833,30.9667,POINT (30.9667 -10.1833),11.0
ADHI_1280,Zambia,-11.9666,28.75,POINT (28.75 -11.9666),11.0
ADHI_1281,Zambia,-10.4666,29.05,POINT (29.05 -10.4666),11.0
ADHI_1282,Zambia,-9.4833,30.2333,POINT (30.2333 -9.4833),11.0
ADHI_1283,Zambia,-9.85,28.95,POINT (28.95 -9.85),11.0
ADHI_1284,Zambia,-10.95,31.07,POINT (31.07 -10.95),11.0
ADHI_1285,Zambia,-10.0,32.1667,POINT (32.1667 -10),11.0
ADHI_1286,Zambia,-11.4972,31.2833,POINT (31.2833 -11.4972),11.0
ADHI_1287,Zambia,-11.2167,31.6667,POINT (31.6667 -11.2167),11.0
ADHI_1288,Zambia,-10.1666,30.9666,POINT (30.9666 -10.1666),11.0
ADHI_1289,Zambia,-11.7333,31.4833,POINT (31.4833 -11.7333),11.0
ADHI_1290,Zambia,-10.15,31.25,POINT (31.25 -10.15),11.0
ADHI_1291,Zambia,-10.1333,31.3667,POINT (31.3667 -10.1333),11.0
ADHI_1292,Zambia,-10.1333,31.3666,POINT (31.3666 -10.1333),11.0
ADHI_1293,Zambia,-9.6666,32.7166,POINT (32.7166 -9.6666),11.0
ADHI_1294,Zambia,-11.8333,31.3833,POINT (31.3833 -11.8333),11.0
ADHI_1295,Zambia,-8.95,31.1833,POINT (31.1833 -8.95),12.0
ADHI_1296,Zambia,-8.8333,31.3833,POINT (31.3833 -8.8333),12.0
ADHI_1297,Ethiopia,8.7,38.6,POINT (38.6 8.7),12.0
ADHI_1298,Ethiopia,8.3833,38.7833,POINT (38.7833 8.3833),12.0
ADHI_1299,Ethiopia,8.85,39.85,POINT (39.85 8.85),12.0
ADHI_1300,Ethiopia,9.39,40.13,POINT (40.13 9.39),11.0
ADHI_1301,Ethiopia,11.1333,40.7833,POINT (40.7833 11.1333),4.0
ADHI_1302,Ethiopia,11.6833,40.95,POINT (40.95 11.6833),4.0
ADHI_1303,Zambia,-16.1167,23.25,POINT (23.25 -16.1167),3.0
ADHI_1304,Zambia,-14.3833,23.2333,POINT (23.2333 -14.3833),3.0
ADHI_1305,Zambia,-11.1333,24.25,POINT (24.25 -11.1333),11.0
ADHI_1306,Zambia,-13.3333,23.15,POINT (23.15 -13.3333),11.0
ADHI_1307,Zambia,-11.2333,24.25,POINT (24.25 -11.2333),11.0
ADHI_1308,Zambia,-13.6,24.2166,POINT (24.2166 -13.6),11.0
ADHI_1309,Zambia,-13.4333,24.3333,POINT (24.3333 -13.4333),11.0
ADHI_1310,Zambia,-11.5333,24.4166,POINT (24.4166 -11.5333),11.0
ADHI_1311,Zambia,-12.4,26.25,POINT (26.25 -12.4),11.0
ADHI_1312,Zambia,-13.45,25.8667,POINT (25.8667 -13.45),11.0
ADHI_1313,Zambia,-17.2167,26.4833,POINT (26.4833 -17.2167),11.0
ADHI_1314,Zambia,-11.7833,27.1667,POINT (27.1667 -11.7833),11.0
ADHI_1315,Zambia,-15.8166,28.2166,POINT (28.2166 -15.8166),11.0
ADHI_1316,Zambia,-15.75,27.03,POINT (27.03 -15.75),11.0
ADHI_1317,Zambia,-15.7667,26.0166,POINT (26.0166 -15.7667),11.0
ADHI_1318,Zambia,-14.9333,25.9166,POINT (25.9166 -14.9333),11.0
ADHI_1319,Zambia,-14.4166,27.0,POINT (27 -14.4166),11.0
ADHI_1320,Zambia,-13.65,27.6167,POINT (27.6167 -13.65),11.0
ADHI_1321,Zambia,-14.5667,26.45,POINT (26.45 -14.5667),11.0
ADHI_1322,Zambia,-16.1666,28.0166,POINT (28.0166 -16.1666),11.0
ADHI_1323,Zambia,-15.9,27.6833,POINT (27.6833 -15.9),11.0
ADHI_1324,Zambia,-16.25,28.13,POINT (28.13 -16.25),11.0
ADHI_1325,Zambia,-15.9666,27.6,POINT (27.6 -15.9666),11.0
ADHI_1326,Zambia,-15.1667,28.1667,POINT (28.1667 -15.1667),11.0
ADHI_1327,Zambia,-13.7,26.3333,POINT (26.3333 -13.7),11.0
ADHI_1328,Zambia,-13.8333,27.3667,POINT (27.3667 -13.8333),11.0
ADHI_1329,Zambia,-12.9166,27.35,POINT (27.35 -12.9166),11.0
ADHI_1330,Zambia,-13.3,28.2166,POINT (28.2166 -13.3),11.0
ADHI_1331,Zambia,-13.4,27.82,POINT (27.82 -13.4),11.0
ADHI_1332,Zambia,-13.25,28.1333,POINT (28.1333 -13.25),11.0
ADHI_1333,Zambia,-13.6333,27.59,POINT (27.59 -13.6333),11.0
ADHI_1334,Zambia,-13.2167,28.4,POINT (28.4 -13.2167),11.0
ADHI_1335,Zambia,-13.1833,28.5833,POINT (28.5833 -13.1833),11.0
ADHI_1336,Zambia,-12.88,28.25,POINT (28.25 -12.88),11.0
ADHI_1337,Zambia,-12.4167,27.7333,POINT (27.7333 -12.4167),11.0
ADHI_1338,Zambia,-12.2667,26.8,POINT (26.8 -12.2667),11.0
ADHI_1339,Zambia,-11.8666,27.1333,POINT (27.1333 -11.8666),11.0
ADHI_1340,Zambia,-12.8666,28.3667,POINT (28.3667 -12.8666),11.0
ADHI_1341,Zambia,-13.25,28.2167,POINT (28.2167 -13.25),11.0
ADHI_1342,Zambia,-13.15,32.8166,POINT (32.8166 -13.15),11.0
ADHI_1343,Zambia,-14.3,28.55,POINT (28.55 -14.3),11.0
ADHI_1344,Zambia,-14.9667,30.2167,POINT (30.2167 -14.9667),11.0
ADHI_1345,Zambia,-15.2167,28.5,POINT (28.5 -15.2167),11.0
ADHI_1346,Zambia,-14.9666,22.6833,POINT (22.6833 -14.9666),3.0
ADHI_1347,Swaziland,-25.9436,31.7494,POINT (31.7494 -25.9436),11.0
ADHI_1348,Swaziland,-26.0333,31.1039,POINT (31.1039 -26.0333),11.0
ADHI_1349,Swaziland,-26.175,32.0417,POINT (32.0417 -26.175),14.0
ADHI_1350,Swaziland,-26.1633,31.8767,POINT (31.8767 -26.1633),14.0
ADHI_1351,Swaziland,-26.2147,31.1964,POINT (31.1964 -26.2147),11.0
ADHI_1352,Swaziland,-26.2147,31.1964,POINT (31.1964 -26.2147),11.0
ADHI_1353,Swaziland,-26.3817,31.5275,POINT (31.5275 -26.3817),11.0
ADHI_1354,Swaziland,-26.1386,31.9,POINT (31.9 -26.1386),14.0
ADHI_1355,Swaziland,-26.1281,31.8733,POINT (31.8733 -26.1281),14.0
ADHI_1356,Swaziland,-26.1,31.8389,POINT (31.8389 -26.1),11.0
ADHI_1357,Swaziland,-26.0878,31.8203,POINT (31.8203 -26.0878),11.0
ADHI_1358,South Africa,-31.9583,26.1281,POINT (26.1281 -31.9583),7.0
ADHI_1359,South Africa,-31.68,26.69,POINT (26.69 -31.68),7.0
ADHI_1360,Swaziland,-25.8056,31.3944,POINT (31.3944 -25.8056),11.0
ADHI_1361,Swaziland,-26.6867,31.6808,POINT (31.6808 -26.6867),6.0
ADHI_1362,Swaziland,-26.5692,31.0833,POINT (31.0833 -26.5692),11.0
ADHI_1363,Swaziland,-26.5347,30.8075,POINT (30.8075 -26.5347),12.0
ADHI_1364,Swaziland,-26.7278,31.725,POINT (31.725 -26.7278),6.0
ADHI_1365,Swaziland,-26.8389,31.5853,POINT (31.5853 -26.8389),6.0
ADHI_1366,Swaziland,-26.9347,31.6583,POINT (31.6583 -26.9347),6.0
ADHI_1367,Swaziland,-27.0708,31.8417,POINT (31.8417 -27.0708),6.0
ADHI_1368,Swaziland,-26.8308,31.3217,POINT (31.3217 -26.8308),11.0
ADHI_1369,South Africa,-27.0733,31.0483,POINT (31.0483 -27.0733),11.0
ADHI_1370,Swaziland,-26.9069,30.9797,POINT (30.9797 -26.9069),11.0
ADHI_1371,South Africa,-26.7786,30.8103,POINT (30.8103 -26.7786),12.0
ADHI_1372,South Africa,-26.7431,30.8033,POINT (30.8033 -26.7431),12.0
ADHI_1373,Swaziland,-26.4936,31.2994,POINT (31.2994 -26.4936),11.0
ADHI_1374,Swaziland,-26.3817,31.09,POINT (31.09 -26.3817),11.0
ADHI_1375,Swaziland,-26.4717,31.2742,POINT (31.2742 -26.4717),11.0
ADHI_1376,Swaziland,-26.3928,30.8433,POINT (30.8433 -26.3928),11.0
ADHI_1377,South Africa,-26.3036,30.8075,POINT (30.8075 -26.3036),12.0
ADHI_1378,Swaziland,-26.7058,31.0661,POINT (31.0661 -26.7058),11.0
ADHI_1379,Guinea,10.75,-11.12,POINT (-11.12 10.75),3.0
ADHI_1380,Guinea,10.65,-9.8667,POINT (-9.8667 10.65),3.0
ADHI_1381,Guinea,11.42,-8.91,POINT (-8.91 11.42),3.0
ADHI_1382,Angola,-14.9,15.0833,POINT (15.0833 -14.9),12.0
ADHI_1383,Angola,-15.7,17.4667,POINT (17.4667 -15.7),12.0
ADHI_1384,Angola,-13.05,16.3667,POINT (16.3667 -13.05),12.0
ADHI_1385,Angola,-14.3667,16.5,POINT (16.5 -14.3667),12.0
ADHI_1386,Angola,-14.6667,16.9,POINT (16.9 -14.6667),12.0
ADHI_1387,Benin,10.72,1.2,POINT (1.2 10.72),3.0
ADHI_1388,Benin,6.894018276,1.60625,POINT (1.60625 6.894018276),3.0
ADHI_1389,Benin,6.5,2.4,POINT (2.4 6.5),3.0
ADHI_1390,Benin,12.35,2.73,POINT (2.73 12.35),6.0
ADHI_1391,Democratic Republic of the Congo,4.3667,18.5833,POINT (18.5833 4.3667),3.0
ADHI_1392,Central African Republic,5.4,26.5,POINT (26.5 5.4),3.0
ADHI_1393,Nigeria,13.5622,13.2348,POINT (13.2348 13.5622),4.0
ADHI_1394,Niger,13.2778,12.6211,POINT (12.6211 13.2778),4.0
ADHI_1395,Nigeria,12.9899,11.9705,POINT (11.9705 12.9899),4.0
ADHI_1396,Nigeria,12.8619,11.0454,POINT (11.0454 12.8619),6.0
ADHI_1397,Nigeria,12.4935,11.5073,POINT (11.5073 12.4935),6.0
ADHI_1398,Nigeria,11.2539,10.5572,POINT (10.5572 11.2539),6.0
ADHI_1399,Nigeria,12.2809,10.3677,POINT (10.3677 12.2809),6.0
ADHI_1400,Nigeria,11.424,9.9508,POINT (9.9508 11.424),6.0
ADHI_1401,Nigeria,10.93,9.6057,POINT (9.6057 10.93),3.0
ADHI_1402,Nigeria,11.4278,9.4874,POINT (9.4874 11.4278),3.0
ADHI_1403,Nigeria,11.528,9.3366,POINT (9.3366 11.528),3.0
ADHI_1404,Nigeria,12.4406,10.0308,POINT (10.0308 12.4406),6.0
ADHI_1405,Nigeria,11.7972,8.8341,POINT (8.8341 11.7972),3.0
ADHI_1406,Nigeria,12.2607,9.9183,POINT (9.9183 12.2607),6.0
ADHI_1407,Nigeria,11.6114,8.3773,POINT (8.3773 11.6114),3.0
ADHI_1408,Nigeria,11.9049,8.4133,POINT (8.4133 11.9049),3.0
ADHI_1409,Nigeria,11.7417,8.0722,POINT (8.0722 11.7417),3.0
ADHI_1410,Nigeria,11.9633,8.4084,POINT (8.4084 11.9633),6.0
ADHI_1411,Nigeria,12.075,8.3344,POINT (8.3344 12.075),6.0
ADHI_1412,Nigeria,12.14,8.7031,POINT (8.7031 12.14),6.0
ADHI_1413,Nigeria,12.5928,8.4589,POINT (8.4589 12.5928),6.0
ADHI_1414,Nigeria,12.3167,8.5333,POINT (8.5333 12.3167),6.0
ADHI_1415,Nigeria,12.6365,10.3039,POINT (10.3039 12.6365),6.0
ADHI_1416,Nigeria,12.0155,9.2683,POINT (9.2683 12.0155),6.0
ADHI_1417,Nigeria,11.8098,8.8804,POINT (8.8804 11.8098),6.0
ADHI_1418,Mozambique,-12.5675,39.0,POINT (39 -12.5675),3.0
ADHI_1419,Mozambique,-17.5708,36.6917,POINT (36.6917 -17.5708),3.0
ADHI_1420,Mozambique,-16.15,33.5917,POINT (33.5917 -16.15),6.0
ADHI_1421,Mozambique,-19.9583,34.1667,POINT (34.1667 -19.9583),11.0
ADHI_1422,Mozambique,-19.0253,34.18,POINT (34.18 -19.0253),3.0
ADHI_1423,Mozambique,-18.5583,33.25,POINT (33.25 -18.5583),11.0
ADHI_1424,Mozambique,-21.1417,34.5333,POINT (34.5333 -21.1417),3.0
ADHI_1425,Mozambique,-24.7444,33.5431,POINT (33.5431 -24.7444),6.0
ADHI_1426,Mozambique,-23.4606,32.4333,POINT (32.4333 -23.4606),6.0
ADHI_1427,Mozambique,-23.95,31.9,POINT (31.9 -23.95),6.0
ADHI_1428,Mozambique,-25.4347,31.9936,POINT (31.9936 -25.4347),6.0
ADHI_1429,Mozambique,-25.17,32.0683,POINT (32.0683 -25.17),6.0
ADHI_1430,Mozambique,-26.1967,32.1164,POINT (32.1164 -26.1967),14.0
ADHI_1431,Mozambique,-25.9667,32.0417,POINT (32.0417 -25.9667),14.0
ADHI_1432,Mozambique,-26.79,32.44,POINT (32.44 -26.79),6.0
ADHI_1433,South Africa,-26.85,32.1333,POINT (32.1333 -26.85),6.0
ADHI_1434,Malawi,-15.2833,35.3833,POINT (35.3833 -15.2833),11.0
ADHI_1435,Malawi,-15.4886,35.4778,POINT (35.4778 -15.4886),11.0
ADHI_1436,Malawi,-9.85,33.5439,POINT (33.5439 -9.85),11.0
ADHI_1437,Malawi,-9.9333,33.5439,POINT (33.5439 -9.9333),11.0
ADHI_1438,Malawi,-10.6833,34.1833,POINT (34.1833 -10.6833),11.0
ADHI_1439,Malawi,-10.9539,33.7589,POINT (33.7589 -10.9539),11.0
ADHI_1440,Malawi,-11.05,33.825,POINT (33.825 -11.05),11.0
ADHI_1441,Malawi,-11.7803,34.225,POINT (34.225 -11.7803),11.0
ADHI_1442,Malawi,-11.7,33.9,POINT (33.9 -11.7),11.0
ADHI_1443,Malawi,-11.7,33.9,POINT (33.9 -11.7),11.0
ADHI_1444,Malawi,-11.8833,33.6167,POINT (33.6167 -11.8833),11.0
ADHI_1445,Malawi,-12.1167,33.4167,POINT (33.4167 -12.1167),11.0
ADHI_1446,Malawi,-10.9,34.05,POINT (34.05 -10.9),11.0
ADHI_1447,United Republic of Tanzania,-9.0333,33.1333,POINT (33.1333 -9.0333),3.0
ADHI_1448,Malawi,-12.2167,33.9667,POINT (33.9667 -12.2167),11.0
ADHI_1449,Malawi,-12.7833,34.1833,POINT (34.1833 -12.7833),12.0
ADHI_1450,Malawi,-13.1286,33.6781,POINT (33.6781 -13.1286),11.0
ADHI_1451,Malawi,-13.3,33.5667,POINT (33.5667 -13.3),11.0
ADHI_1452,Malawi,-13.9889,33.7728,POINT (33.7728 -13.9889),11.0
ADHI_1453,Malawi,-14.1692,33.6931,POINT (33.6931 -14.1692),11.0
ADHI_1454,Malawi,-14.1789,33.4124,POINT (33.4124 -14.1789),11.0
ADHI_1455,Malawi,-14.4008,34.5172,POINT (34.5172 -14.4008),11.0
ADHI_1456,Malawi,-14.4411,34.5392,POINT (34.5392 -14.4411),11.0
ADHI_1457,Malawi,-14.25,34.5167,POINT (34.5167 -14.25),11.0
ADHI_1458,Malawi,-14.7922,34.5806,POINT (34.5806 -14.7922),11.0
ADHI_1459,Malawi,-14.8097,34.6228,POINT (34.6228 -14.8097),11.0
ADHI_1460,Malawi,-16.0083,35.2917,POINT (35.2917 -16.0083),2.0
ADHI_1461,Malawi,-16.0,35.3,POINT (35.3 -16),2.0
ADHI_1462,Malawi,-16.0847,35.6681,POINT (35.6681 -16.0847),3.0
ADHI_1463,Malawi,-16.1017,35.4756,POINT (35.4756 -16.1017),2.0
ADHI_1464,Malawi,-15.0333,34.9333,POINT (34.9333 -15.0333),11.0
ADHI_1465,Democratic Republic of the Congo,-4.33125,20.55651774,POINT (20.55651774 -4.33125),3.0
ADHI_1466,Democratic Republic of the Congo,0.50625,25.17129608,POINT (25.17129608 0.50625),1.0
